,TwitterHandle,Name,Date,TweetContent,ImageUrls,VideoUrls
0,@michellelewis,Michelle Lewis,Apr 11,"The @bostonmarathon is coming up in one week! These brass cuffs make a great #finishline gift, grab one for someone you love 
#bostonmarathon #patriotsday #runrunrun #bostonstrong #boston","['https://pbs.twimg.com/profile_images/1029593872706334720/0sUcCv55_normal.jpg', 'https://pbs.twimg.com/card_img/1729056795975651328/sphSda8q.jpg']",['No Video']
1,@alzheimersmanh,Alzheimers AssociationNH Chapter,Apr 11,"Only 1 week until Team End ALZ takes on #26point2 to #ENDALZ! Help us cheer on Brinton Dekreon as he runs the Boston Marathon in honor of his dad 

Visit http://givengain.com/cc/teamendalzboston2022… to learn more and to support this year's Boston Marathon team! 
#ENDALZ #26point2 #BostonStrong","['https://pbs.twimg.com/profile_images/1141000120089153536/DqZM7bba_normal.jpg', 'https://pbs.twimg.com/media/FQF4DHlXMAIY8zP.jpg']",['No Video']
2,@wixvy_co,No Name,No Date,No Tweet Contents,"['https://pbs.twimg.com/profile_images/1688830096751386624/YpWP0kFZ_normal.jpg', 'https://pbs.twimg.com/amplify_video_thumb/1701863900411510784/img/ikGGBtd2nO0tfKdR.jpg']",['https://pbs.twimg.com/amplify_video_thumb/1701863900411510784/img/ikGGBtd2nO0tfKdR.jpg']
3,@DisclosurePod,Total Disclosure,Apr 11,"Not many remember that day that seems so long ago, but I do. Right around the corner from our @Saatva location they are getting ready for the #BostonMarathon2022. Never forget, I’m standing at the site of a horror. #BostonStrong","['https://pbs.twimg.com/profile_images/1638330361544310785/w6y58BsE_normal.jpg', 'https://pbs.twimg.com/media/FQF2co5WYAUh1iv.jpg', 'https://pbs.twimg.com/media/FQF2co8XwAAeltO.jpg', 'https://pbs.twimg.com/media/FQF2co2XwAUvL3l.jpg', 'https://pbs.twimg.com/media/FQF2co4XIAcuSD_.jpg']",['No Video']
4,@TheLansdowne,Lansdowne Pub,Apr 11,Nothing better than live music from @beachnightsband on Marathon Monday    We'll be open all day 8AM-2AM! #LansdownePub #BostonStrong #MarathonMonday #LiveMusic,"['https://pbs.twimg.com/profile_images/3349844556/8a5ff3bbc832de898e0b8bcbbcf2176a_normal.jpeg', 'https://pbs.twimg.com/media/FQFlQo-WUAoB86n.jpg']",['No Video']
5,@ronnieisrunning,Ron McCracken,Apr 11,"https://youtu.be/_kQPBJJhHtU
The #BostonMarathon is one week from today! 35 months and 4 days of #sobriety and 92 days of #running #bostonstrong #mentalhealth #SuicidePrevention #PTSD #recovery @Conventures @BostonGlobe @WBZmarathon @bostonherald @DropkickMurphys @NAMIBoston @BAA","['https://pbs.twimg.com/profile_images/860939233879613440/q8-xzEDG_normal.jpg', 'https://pbs.twimg.com/card_img/1727200668249710592/9U_5PEAO.jpg']",['No Video']
6,@deadsiox9,bobby orderve,Apr 11,Never Mind the bullies and bots. Great job mayor. #BostonStrong,['https://pbs.twimg.com/profile_images/378800000537133348/bea69be009a96ed1d77d10e5a9b66ed1_normal.jpeg'],['No Video']
7,@LeahDaniellee,Leah Langston,No Date,No Tweet Contents,"['https://pbs.twimg.com/profile_images/1712702876185755648/qBDG8D9H_normal.jpg', 'https://pbs.twimg.com/media/F_tlLWgWcAE9i-e.jpg']",['No Video']
8,@ChartExpo_,No Name,No Date,No Tweet Contents,"['https://pbs.twimg.com/profile_images/1644226121976672256/WK-_iT-e_normal.jpg', 'https://pbs.twimg.com/media/F9bdQi0bAAAGrQs.jpg']",['No Video']
9,@seacoastrunner,Alison Black,Apr 10,YES!!!! @tiffanifaison to the semifinals!!! #TournamentOfChampions @FoodNetwork #bostonstrong #fierce,['https://pbs.twimg.com/profile_images/1507474874075435009/meeqXWGM_normal.jpg'],['No Video']
10,@ugkpimpc_4ever,No Name,Apr 10,Not a damn mfering one #BostonStrong,"['https://pbs.twimg.com/profile_images/1634733363570397186/wacaYorV_normal.jpg', 'https://pbs.twimg.com/profile_images/1669507059245629447/dv4j0nZR_mini.jpg', 'https://pbs.twimg.com/ext_tw_video_thumb/1511716974279200769/pu/img/ti3F5104P8oesqGQ.jpg']",['https://pbs.twimg.com/ext_tw_video_thumb/1511716974279200769/pu/img/ti3F5104P8oesqGQ.jpg']
11,@ugkpimpc_4ever,No Name,Apr 10,Oh indeed #BostonStrong  https://twitter.com/ta__mka/status/1513327105622384645…,['https://pbs.twimg.com/profile_images/1634733363570397186/wacaYorV_normal.jpg'],['No Video']
12,No twitter handle,No Name,No Date,No Tweet Contents,['No Images'],['No Video']
13,@chrissiemac2424,No Name,Apr 10,BEST weekend ever in Boston!!!!!!!!!!! #BostonStrong,['https://pbs.twimg.com/profile_images/1312105120881094662/KoEcV4aG_normal.jpg'],['No Video']
14,@Definitely_Cuff,Storytime Stiz,Apr 10,Did I tell you when I was getting kicked out of Frankies with Doddsy? #BostonStrong,['https://pbs.twimg.com/profile_images/968437752684359680/1W1Cx2Ty_normal.jpg'],['No Video']
15,@boatzilla,Tom Boatman,Apr 10,"So the Boston Marathon is banning runners from Russia and Belarus. Not soldiers or politicians or tycoons. Just random people who want to run a marathon. Apparently 60+ runners are being kicked out. 

That's some serious xenophobic bullshit.

#BostonStrong my ass",['https://pbs.twimg.com/profile_images/83826403/Photo_16_normal.jpg'],['No Video']
16,@PeskyReport,The Pesky Report,Apr 10,"So we made our predictions over the week. Let us know who you agree/disagree with and give your predictions
#DirtyWater//#RedSox//#Boston//#BostonStrong","['https://pbs.twimg.com/profile_images/1716250218235084800/gxpODnFL_normal.jpg', 'https://pbs.twimg.com/media/FP_OkNHWYAA3Oue.jpg']",['No Video']
17,@Mom2HornsnHalos,No Name,Apr 10,"I  a good dog story!
#GoSpencer
#BostonStrong
#BostonMarathon
https://wcvb.com/article/therapy-dog-spencer-boston-marathon-dog-returning-to-route-cancer-treatment-2022/39664981…",['https://pbs.twimg.com/profile_images/1570894926862336000/cu8iL8CV_normal.jpg'],['No Video']
18,@seacoastrunner,Alison Black,Apr 9,Finally all caught up on #TournamentOfChampions on @FoodNetwork. BEYOND EXCITED that @KAkunowicz and @tiffanifaison are STILL IN IT!! #quarterfinals #BostonStrong #culinaryexcellence #yes,['https://pbs.twimg.com/profile_images/1507474874075435009/meeqXWGM_normal.jpg'],['No Video']
19,@ampere_official,No Name,No Date,No Tweet Contents,"['https://pbs.twimg.com/profile_images/1430388735066066956/z2vq56ys_normal.jpg', 'https://pbs.twimg.com/media/F_uI5mqbsAAdQQE.jpg']",['No Video']
20,@rajyaatluri,No Name,No Date,No Tweet Contents,"['https://pbs.twimg.com/profile_images/1630978383986454528/SyNu0fk4_normal.jpg', 'https://pbs.twimg.com/media/F_5kAuqW4AAT0st.jpg']",['No Video']
21,@Mussunzin,Mateus Prestes,Apr 8,"E hoje o Opening Day pro Red Sox, na MLB #BostonStrong",['https://pbs.twimg.com/profile_images/1436415922751815684/R8R8riCj_normal.jpg'],['No Video']
22,@RizzoGotSwag,Mike Rizzo,Apr 8,They don't have a worry at all.. The guy on the right is in good spirit's with a big smile on his face.. Wish u guys the best! #BOSTONSTRONG,['https://pbs.twimg.com/profile_images/704062495451910144/OgS28_VJ_normal.jpg'],['No Video']
23,@NEFreeJacks,New England Free Jacks,Apr 8,"// Best of luck to our friends at the @RedSox in their upcoming season and their opening day game against the Yankees!

Go Sox!

@DougieFife @joshlarsen_4
#TogetherWeRide #BostonStrong","['https://pbs.twimg.com/profile_images/1504853297341124623/2torw_Ru_normal.jpg', 'https://pbs.twimg.com/ext_tw_video_thumb/1512465758516822020/pu/img/oZ7kaocRqHp20pVX.jpg']",['https://pbs.twimg.com/ext_tw_video_thumb/1512465758516822020/pu/img/oZ7kaocRqHp20pVX.jpg']
24,@grahamspeight1,Graham Speight,Apr 8,"LFG!!!!!!  #Boston #BostonRedSox #RedSox #DirtyWater #RedSoxNation #BostonStrong #openingday Dropkick Murphys ""The Boys Are Back"" (The Red Sox Championship Parade Ve... https://youtu.be/aZVwKkeyd9c via @YouTube","['https://pbs.twimg.com/profile_images/1672220636834299904/Bxugk5Mw_normal.jpg', 'https://pbs.twimg.com/card_img/1728436010730860544/J-blBHsF.jpg']",['No Video']
25,@JR_JR_JR407,No Name,Apr 8,Use no excuse! @celtics played awesome!! I love my @celtics and a faithful fan. I’m proud to be from Boston area. #BostonStrong,['https://pbs.twimg.com/profile_images/1548102215079849984/ggblWZdd_normal.jpg'],['No Video']
26,@BostonAttitude,No Name,Apr 8,"Boston Marathon bomber Dzhokhar Tsarnaev has asked an appeals court to stop his execution. 

Maybe he should of thought more about the consequences before committing an act of terrorism.  

#BostonStrong",['https://pbs.twimg.com/profile_images/1686194588703137793/Dp43xLjV_normal.jpg'],['No Video']
27,@mollysny,molly sny,Apr 8,"happy 2 years to creating this half assed logo that I turned into tshirts and sold thousands, raising thousands for hospitals during the height of the pandemic. I will never stop talking about this til the day I die #BostonStrong ","['https://pbs.twimg.com/profile_images/1724480709257994240/eJsEs0eo_normal.jpg', 'https://pbs.twimg.com/media/FP0_PAqX0AIkaCI.jpg', 'https://pbs.twimg.com/media/FP0_PApXMAcigNS.jpg', 'https://pbs.twimg.com/media/FP0_PAxXsA0BjlY.jpg', 'https://pbs.twimg.com/media/FP0_PAqXIAovult.jpg']",['No Video']
28,@rajyaatluri,No Name,No Date,No Tweet Contents,"['https://pbs.twimg.com/profile_images/1630978383986454528/SyNu0fk4_normal.jpg', 'https://pbs.twimg.com/media/F_5kAuqW4AAT0st.jpg']",['No Video']
29,@Mussunzin,Mateus Prestes,Apr 8,"E hoje o Opening Day pro Red Sox, na MLB #BostonStrong",['https://pbs.twimg.com/profile_images/1436415922751815684/R8R8riCj_normal.jpg'],['No Video']
30,@RizzoGotSwag,Mike Rizzo,Apr 8,They don't have a worry at all.. The guy on the right is in good spirit's with a big smile on his face.. Wish u guys the best! #BOSTONSTRONG,['https://pbs.twimg.com/profile_images/704062495451910144/OgS28_VJ_normal.jpg'],['No Video']
31,@NEFreeJacks,New England Free Jacks,Apr 8,"// Best of luck to our friends at the @RedSox in their upcoming season and their opening day game against the Yankees!

Go Sox!

@DougieFife @joshlarsen_4
#TogetherWeRide #BostonStrong","['https://pbs.twimg.com/profile_images/1504853297341124623/2torw_Ru_normal.jpg', 'https://pbs.twimg.com/ext_tw_video_thumb/1512465758516822020/pu/img/oZ7kaocRqHp20pVX.jpg']",['https://pbs.twimg.com/ext_tw_video_thumb/1512465758516822020/pu/img/oZ7kaocRqHp20pVX.jpg']
32,@grahamspeight1,Graham Speight,Apr 8,"LFG!!!!!!  #Boston #BostonRedSox #RedSox #DirtyWater #RedSoxNation #BostonStrong #openingday Dropkick Murphys ""The Boys Are Back"" (The Red Sox Championship Parade Ve... https://youtu.be/aZVwKkeyd9c via @YouTube","['https://pbs.twimg.com/profile_images/1672220636834299904/Bxugk5Mw_normal.jpg', 'https://pbs.twimg.com/card_img/1728436010730860544/J-blBHsF.jpg']",['No Video']
33,@JR_JR_JR407,No Name,Apr 8,Use no excuse! @celtics played awesome!! I love my @celtics and a faithful fan. I’m proud to be from Boston area. #BostonStrong,['https://pbs.twimg.com/profile_images/1548102215079849984/ggblWZdd_normal.jpg'],['No Video']
34,@BostonAttitude,No Name,Apr 8,"Boston Marathon bomber Dzhokhar Tsarnaev has asked an appeals court to stop his execution. 

Maybe he should of thought more about the consequences before committing an act of terrorism.  

#BostonStrong",['https://pbs.twimg.com/profile_images/1686194588703137793/Dp43xLjV_normal.jpg'],['No Video']
35,@mollysny,molly sny,Apr 8,"happy 2 years to creating this half assed logo that I turned into tshirts and sold thousands, raising thousands for hospitals during the height of the pandemic. I will never stop talking about this til the day I die #BostonStrong ","['https://pbs.twimg.com/profile_images/1724480709257994240/eJsEs0eo_normal.jpg', 'https://pbs.twimg.com/media/FP0_PAqX0AIkaCI.jpg', 'https://pbs.twimg.com/media/FP0_PApXMAcigNS.jpg', 'https://pbs.twimg.com/media/FP0_PAxXsA0BjlY.jpg', 'https://pbs.twimg.com/media/FP0_PAqXIAovult.jpg']",['No Video']
36,@bixoooo,Brenda Lee,Apr 8, Always.#BostonStrong,"['https://pbs.twimg.com/profile_images/429325741415604224/A0_BJp9E_normal.jpeg', 'https://pbs.twimg.com/profile_images/1108654027154382850/ieRYZwrY_mini.jpg']",['No Video']
37,@HarvardClub374,Harvard Club Boston,Apr 8,@bostonmarathon finish line this morning. 10 days until Marathon Monday! #BostonMarathon #bostonstrong #harvardclub,"['https://pbs.twimg.com/profile_images/1542855529059450880/hdyV2Mdn_normal.jpg', 'https://pbs.twimg.com/media/FP0-XBZX0AYbQgZ.jpg']",['No Video']
38,@AXPC_US,No Name,No Date,No Tweet Contents,"['https://pbs.twimg.com/profile_images/988533195640623104/oN8UlnQo_normal.jpg', 'https://pbs.twimg.com/media/F8Anqw1XsAA-A6f.jpg']",['No Video']
39,@FJCallahan,Fred Callahan,Apr 8,"Hey! It’s baseball time folks! #bostonredsox #redsox #redsoxbaseball #bostonstrong @redsox #mlb #openingday @ Fort Lauderdale, Florida",['https://pbs.twimg.com/profile_images/1551170172706250753/EzVBxZuy_normal.jpg'],['No Video']
40,@BCHBloodDonor,Blood Donor Center,Apr 8,"Happy Opening Day @RedSox from your Longwood Avenue Neighbors.

Best rivalry in baseball starts at 1:05pm!
Let's go Sox!
#RedSox #RedSoxNation #OpeningDay2022 #BostonStrong #DirtyWater #NastyNate","['https://pbs.twimg.com/profile_images/1329151211564457985/c7sHb3V4_normal.png.jpg', 'https://pbs.twimg.com/media/FP0wMKkVEBEMoSi.jpg', 'https://pbs.twimg.com/media/FP0xTDIVsAsvDQN.jpg']",['No Video']
41,@grahamspeight1,Graham Speight,Apr 8,"It’s opening day, LFG!!!!! #Boston #BostonRedSox #RedSox #DirtyWater #RedSoxNation #BostonStrong","['https://pbs.twimg.com/profile_images/1672220636834299904/Bxugk5Mw_normal.jpg', 'https://pbs.twimg.com/tweet_video_thumb/FP0DhkuXIAAc9EZ.jpg']",['https://pbs.twimg.com/tweet_video_thumb/FP0DhkuXIAAc9EZ.jpg']
42,@resawla,No Name,Apr 8,"I've had a good lay in every  Burrough but Watertown 

#BostonStrong",['https://pbs.twimg.com/profile_images/1167828764463652864/1uzUtP3t_normal.jpg'],['No Video']
43,@EMBLEvents,EMBL Events,No Date,No Tweet Contents,"['https://pbs.twimg.com/profile_images/1407247480555819009/x9j_Ml-x_normal.jpg', 'https://pbs.twimg.com/media/F_8E2yRWgAApeLT.jpg']",['No Video']
44,@EliseKlineNews,Elise Kline,Apr 7,"Spencer, the popular Boston Marathon dog, plans to return for the 2022 race after his rigorous cancer battle, according to WCVB reporting. #bostonstrong ","['https://pbs.twimg.com/profile_images/1585339309095358465/i9mwsQzR_normal.jpg', 'https://pbs.twimg.com/profile_images/1491108484095565832/6aLsBHBN_mini.jpg']",['No Video']
45,@obrun26,Robert O,Apr 7,"Spencer, Boston Marathon Golden Retriever #BostonMarathon #BostonStrong #GoldenRetriever https://wcvb.com/article/therapy-dog-spencer-boston-marathon-dog-returning-to-route-cancer-treatment-2022/39664981?fbclid=IwAR09JGU3JSVJTaOx86Co2Yy3pZ04Qa5gYr1kf_-pmLQW3zMq_WKgZEYu1dY#…",['https://pbs.twimg.com/profile_images/668478727999893504/8MYukElA_normal.jpg'],['No Video']
46,@six_tical,6 GoD,Apr 7,Any busses from Massachusetts to Salem?  I need to see @Marcelo_Mayer10 start his journey. #bostonstrong,['https://pbs.twimg.com/profile_images/1492595333993484300/vD6ro2Df_normal.jpg'],['No Video']
47,@tjadolan_,No Name,Apr 7,"It would be cool if each of the  30000 runners (except the elites in their singlets) wore either an old\new yellow\blue Boston long sleeve on the day to symbolize #bostonstrong, #ukrainestrong, and be the largest moving flag Evah!",['https://pbs.twimg.com/profile_images/378800000735335943/9940217d299d9024d4ef1ab29ab2be40_normal.jpeg'],['No Video']
48,@Prayin4America,No Name,Apr 7,@bostonmarathon you are a disgrace to the term #bostonstrong,['https://pbs.twimg.com/profile_images/1556824706753372160/_I71OBmo_normal.jpg'],['No Video']
49,@RockkSteady,No Name,Apr 7,We’ll be praying for you Bear!  Lots of love and wishing you the best #Boston has to give you! So with a #GoBlue will give you a #BostonStrong & a #wicked ,['https://pbs.twimg.com/profile_images/1723474664721174529/8BNKIMpH_normal.jpg'],['No Video']
50,@TorrexWA,No Name,Apr 7,@SamoaJoe You deserve a crowd reaction like you got tonight on #AEWDynamite ! What was it like hearing that #BostonStrong crowd reaction you got?,['https://pbs.twimg.com/profile_images/1477149307794984967/6TEapRSh_normal.jpg'],['No Video']
51,@jenclark262,Fitness Loving Boston Mommy,Apr 6,@jsimsfit Jock Jams Bike Bootcamp is a must take class. #bostonstrong #peloton #selflove #fitnesslifestyle #hardcore,['https://pbs.twimg.com/profile_images/1024113688469327873/Wq1JTM8h_normal.jpg'],['No Video']
52,@christinegenti6,No Name,Apr 6,OMG!!!!  Thank you for the chance #RedSox #bostonstrong #LFG,['https://pbs.twimg.com/profile_images/1609153215555162113/5LnkgInP_normal.jpg'],['No Video']
53,@Wixze_co,No Name,No Date,No Tweet Contents,"['https://pbs.twimg.com/profile_images/1683189127720624131/KQT6dh-N_normal.jpg', 'https://pbs.twimg.com/amplify_video_thumb/1729403477011664896/img/iOy0ySpOGTArzvZw.jpg']",['https://pbs.twimg.com/amplify_video_thumb/1729403477011664896/img/iOy0ySpOGTArzvZw.jpg']
54,@eminentdomainer,Eminent Domain Names,Apr 6,#win Best #Boston Cannabis & Marijuana Domain Name.  http://617420.com plus #freedomainname #bostonmarijuana #617 #617420 HIGHLY brandable #bostoncannabis #domainname #bostondispensary #bostoncannabisdispensary #bostonstrong #bostonstoned https://ebay.com/itm/Best-Boston-Cannabis-Marijuana-Domain-Name-617420-com-/334341624966?mkcid=16&mkevt=1&_trksid=p2349624.m2548.l6249&mkrid=711-127632-2357-0… @eBay,['https://pbs.twimg.com/profile_images/1107862309786009601/E3WGW784_normal.jpg'],['No Video']
55,@WikdGoodCookies,Wicked Good Cookies,Apr 6,"Who's excited for the Boston Marathon?  
#bostonstrong #boston #bostonmarathon2022 #keepchasingthatunicorn","['https://pbs.twimg.com/profile_images/1250804680051036170/aacsXvqs_normal.png.jpg', 'https://pbs.twimg.com/media/FPrn0SoXIAIHalS.jpg']",['No Video']
56,@Shawshank_7,The Con Is Always On,Apr 6,Best SoL EVAH #BostonStrong .@SecMartyWalsh ,"['https://pbs.twimg.com/profile_images/1672506325002010624/KOpUHCBA_normal.jpg', 'https://pbs.twimg.com/profile_images/1439375322089148416/t2kgUf-C_mini.jpg', 'https://pbs.twimg.com/media/FPqgSn3WUAwjPs5.jpg', 'https://pbs.twimg.com/media/FPqgSn4XIAAh6oI.jpg', 'https://pbs.twimg.com/media/FPqgSovXEAABU0D.jpg']",['No Video']
57,@tonyjamesrun,No Name,Apr 5,That moment when you see your family on the side of the road cheering you on. It's such a mental & physical boost. #marathon #running #marathontraining #run #runner #bostonstrong #boston #marathoner #running365 #runhappy #fitness #runnersworld #chicagomarathon #marathonrunner,"['https://pbs.twimg.com/profile_images/1213233214560575488/RPI3cfh2_normal.jpg', 'https://pbs.twimg.com/media/FPmVClPXIAEGXz_.jpg']",['No Video']
58,@dantes0814,Dante Scott Suguitan,Apr 4,I was born to be a #blockhead @nkotb fan. #summertime #single #80sbaby #bostonstrong https://instagram.com/p/Cb8QyHsvj7h/?utm_medium=twitter…,['https://pbs.twimg.com/profile_images/1163657087278206977/zrXtOflW_normal.jpg'],['No Video']
59,@Mikeyhannon55,Michael Hannon,Apr 4,Le Bron's Lakers are 16 games below .500. Gotta love it! #BostonStrong,['https://pbs.twimg.com/profile_images/1725727514113261568/Sd3_Nm4C_normal.jpg'],['No Video']
60,@alzheimersmanh,Alzheimers AssociationNH Chapter,Apr 4,"Tessa Lundquist is taking on this year's #BostonMarathon with Team End ALZ in honor of her mom. Help us cheer her on! 

Visit http://givengain.com/cc/teamendalzboston2022… to learn more and to support the 2022 Team End ALZ Boston Marathon team! 
#ENDALZ #26point2 #BostonStrong #TeamEndALZ","['https://pbs.twimg.com/profile_images/1141000120089153536/DqZM7bba_normal.jpg', 'https://pbs.twimg.com/media/FPgikxnX0AYf80D.jpg']",['No Video']
61,@MatthewMcCord4,Matthew McCord,Apr 3,We are all #bostonstrong https://instagram.com/p/Cb6f3fgMbMd5m8JYnN1NtbEtb82FkUN4qimqJc0/?utm_medium=twitter…,['https://pbs.twimg.com/profile_images/463699984886411264/EaNWMRJN_normal.png.jpg'],['No Video']
62,@Bleacher__break,Bleacher Breaker,No Date,No Tweet Contents,"['https://pbs.twimg.com/profile_images/1617940193276792852/IyOKDBhH_normal.jpg', 'https://pbs.twimg.com/media/GAAEDwZX0AACvqL.jpg']",['No Video']
63,@CannaCatLady,No Name,Apr 3,Can we normalize being happy for ppl’s come ups? Not jealous? This picture has me proud AF- s/o to the hometown boy @MILLYZ - ‘Ashes in the Maybach’ is  and he’s got the @SnoopDogg endorsement?! Screaming! #BostonStrong #Boston #MyCityMyCity,"['https://pbs.twimg.com/profile_images/1696923602501746696/8gRuqtum_normal.jpg', 'https://pbs.twimg.com/media/FPdGJVgXoAUZ5cG.jpg']",['No Video']
64,@Ericthaguru,No Name,Apr 3,"I need to buy some more Algorand!
#BostonStrong",['https://pbs.twimg.com/profile_images/1399933827015974915/jnYuCN2H_normal.jpg'],['No Video']
65,@cfirestoneruns,Christy Firestone,Apr 3,"Celebrating Sarah’s last 13.1 miler for  2022 #BostonMarathon training. So proud of her and so glad I got to join in her training #bostonstrong #teamULTRA
#ultramarathongiveaway",['https://pbs.twimg.com/profile_images/504381721060851713/E5J-QgeT_normal.jpeg'],['No Video']
66,@alzheimersmanh,Alzheimers AssociationNH Chapter,Apr 4,"Tessa Lundquist is taking on this year's #BostonMarathon with Team End ALZ in honor of her mom. Help us cheer her on! 

Visit http://givengain.com/cc/teamendalzboston2022… to learn more and to support the 2022 Team End ALZ Boston Marathon team! 
#ENDALZ #26point2 #BostonStrong #TeamEndALZ","['https://pbs.twimg.com/profile_images/1141000120089153536/DqZM7bba_normal.jpg', 'https://pbs.twimg.com/media/FPgikxnX0AYf80D.jpg']",['No Video']
67,@MatthewMcCord4,Matthew McCord,Apr 3,We are all #bostonstrong https://instagram.com/p/Cb6f3fgMbMd5m8JYnN1NtbEtb82FkUN4qimqJc0/?utm_medium=twitter…,['https://pbs.twimg.com/profile_images/463699984886411264/EaNWMRJN_normal.png.jpg'],['No Video']
68,@Bleacher__break,Bleacher Breaker,No Date,No Tweet Contents,"['https://pbs.twimg.com/profile_images/1617940193276792852/IyOKDBhH_normal.jpg', 'https://pbs.twimg.com/media/GAAEDwZX0AACvqL.jpg']",['No Video']
69,@CannaCatLady,No Name,Apr 3,Can we normalize being happy for ppl’s come ups? Not jealous? This picture has me proud AF- s/o to the hometown boy @MILLYZ - ‘Ashes in the Maybach’ is  and he’s got the @SnoopDogg endorsement?! Screaming! #BostonStrong #Boston #MyCityMyCity,"['https://pbs.twimg.com/profile_images/1696923602501746696/8gRuqtum_normal.jpg', 'https://pbs.twimg.com/media/FPdGJVgXoAUZ5cG.jpg']",['No Video']
70,@Ericthaguru,No Name,Apr 3,"I need to buy some more Algorand!
#BostonStrong",['https://pbs.twimg.com/profile_images/1399933827015974915/jnYuCN2H_normal.jpg'],['No Video']
71,@cfirestoneruns,Christy Firestone,Apr 3,"Celebrating Sarah’s last 13.1 miler for  2022 #BostonMarathon training. So proud of her and so glad I got to join in her training #bostonstrong #teamULTRA
#ultramarathongiveaway",['https://pbs.twimg.com/profile_images/504381721060851713/E5J-QgeT_normal.jpeg'],['No Video']
72,@BJE16UT1Maroon,Boston JrEagles 16U Tier 1 Maroon,Apr 2,"Eagles with their most complete game of the season finish off preliminary round with a 3-1 win over Steel City Selects.
Clinch 1st seed in American Conference (2-0-1).
Next up quarterfinals.
We're on to Seattle.

#nattys #rolleags #ploffs #bostonstrong #masspround","['https://pbs.twimg.com/profile_images/1366275853513093126/c-PrzbK6_normal.png.jpg', 'https://pbs.twimg.com/tweet_video_thumb/FPXRPSnXEAY-B66.jpg']",['https://pbs.twimg.com/tweet_video_thumb/FPXRPSnXEAY-B66.jpg']
73,@ShukriWrights,Shukri Wrights,Apr 2,"I was just working with Mr. Grzelcyk on Wednesday morning at the Garden, had absolutely no idea of what he was dealing with at all. 
Truly amazing and so happy for Mr. Gryzelcyk & the Grzelcyk family. Wonderful news all around! #NHLBruins #BostonStrong","['https://pbs.twimg.com/profile_images/1671901379558768640/WrrmPS0W_normal.jpg', 'https://pbs.twimg.com/profile_images/913863475922919426/miKeuEJS_mini.jpg', 'https://pbs.twimg.com/media/FPV4notXwAk_fDK.jpg']",['No Video']
74,@NordVPN,No Name,No Date,No Tweet Contents,"['https://pbs.twimg.com/profile_images/1618629073969750018/_J6Qi3VW_normal.jpg', 'https://pbs.twimg.com/media/F9HoHGXXIAA4P5m.jpg']",['No Video']
75,@rachelgoes262,Maroon Era,Apr 2,"We will never forget 4.15.13 

The Boston Marathon Finish Line belongs to the WORLD. It represents all the hope & love that can happen when you have the courage to dream. Whether you run or just watch, that finish line is every one’s. 

#BostonStrong ","['https://pbs.twimg.com/profile_images/1487927490144309248/4evDO06o_normal.jpg', 'https://pbs.twimg.com/profile_images/1370054289951952899/MLxo99jJ_mini.jpg', 'https://pbs.twimg.com/media/FPB1pcrWQAgMQvB.jpg']",['No Video']
76,@coreycocop,No Name,Apr 1,@iamjojo  here is my favorite pictures from Boston concert . It was amazing and lite  #jojotour2022 #bostonstrong,"['https://pbs.twimg.com/profile_images/1444446986162290698/PfZvC7Rh_normal.jpg', 'https://pbs.twimg.com/media/FPRPpOeXoAgmVLs.jpg', 'https://pbs.twimg.com/media/FPRPpObWUAYn0r3.jpg', 'https://pbs.twimg.com/media/FPRPpOeWYAQEyEs.jpg', 'https://pbs.twimg.com/media/FPRPpPZWYAAS9kx.jpg']",['No Video']
77,@ChrisBridgesALA,Chris Bridges,Apr 1,What a great day for Boston sports. The @BostonBreach won 3-0 in @CallofDuty . @NHLBruins historically won 8-1 in @NHL and the @RedSox won 4-3 in @MLB. Let me know if I missed any. #BostonStrong,['https://pbs.twimg.com/profile_images/1672987420239831042/RtcrOufR_normal.jpg'],['No Video']
78,@GeddonL,Geddy The Yellow Labs Mom,Mar 31,Way to go @mmclaughlin_26! #bostonstrong #bostonbruins #bostonproud #kidfrombillercia #aintthatsweet,['https://pbs.twimg.com/profile_images/1482365817333456909/2dwbSAoF_normal.jpg'],['No Video']
79,@Guardsquare,No Name,No Date,No Tweet Contents,"['https://pbs.twimg.com/profile_images/1004367661730582528/4yDyKL2z_normal.jpg', 'https://pbs.twimg.com/media/FtX7wMPXoBwfOxq.jpg']",['No Video']
80,@MikeGooch_Pics,Mike Gooch,Mar 31,"""Boston"" by #MikeGoochProductions
#photography #photo #nycphotographer #FollowThisPhotoGuy #PhotographyIsArt #streetphotography #streetphotographer #Boston #BostonStrong","['https://pbs.twimg.com/profile_images/1640515319226593280/Ko2VjzbQ_normal.jpg', 'https://pbs.twimg.com/media/FPMUQFgXEA4N0fs.jpg', 'https://pbs.twimg.com/media/FPMUQFUWUAonmmy.jpg', 'https://pbs.twimg.com/media/FPMUQFcX0A4jJy8.jpg', 'https://pbs.twimg.com/media/FPMUQFeX0AwlgIU.jpg']",['No Video']
81,@misselj,No Name,Mar 31,#GiftOfSox To give my daughter a high school graduation/congratulations party for getting accepted to ALL but 1 of 14 college's she applied for!  As well as a gift card for her to deck out her dorm! She decided to attend B.A.C! (Boston Architectural College) #BostonStrong,['https://pbs.twimg.com/profile_images/1686958456949870593/BUmQnS1x_normal.jpg'],['No Video']
82,@Chambec,Charlie Chambers,Mar 31,Have fun at The Wilbur; Eat at The Union Oyster House. Go see my friend Dave Foley perform at Dooley’s. Great town #BostonStrong,['https://pbs.twimg.com/profile_images/582251423271927808/B4viV9Lu_normal.jpg'],['No Video']
83,@JoeyWright10,No Name,Mar 30,Would love tickets to the Patriots Day game to take my brother! @RedSox #GiftOfSox #BostonStrong,['https://pbs.twimg.com/profile_images/1710450863213338624/yNflataI_normal.jpg'],['No Video']
84,@JoannaNewSum41,No Name,Mar 30,i’m proud of us for neither being virgins #BostonStrong,['https://pbs.twimg.com/profile_images/1692975755834134528/lH7OrHCO_normal.jpg'],['No Video']
85,@SellingSimon,Simon Stallings,Mar 30,#GiftOfSox could y’all ship me a city edition T-shirt?! #bostonstrong,['https://pbs.twimg.com/profile_images/1711083419285762048/e0zQXNVI_normal.jpg'],['No Video']
86,@BigSmart100,Mohammed AbdelRazzaq,Mar 30,Aw f'k YEAH! #BOSTONSTRONG #TITLETOWN ,['https://pbs.twimg.com/profile_images/723807464/DSC01726_normal.JPG.jpg'],['No Video']
87,@__GoodAdvice__,No Name,No Date,No Tweet Contents,"['https://pbs.twimg.com/profile_images/1656628567025889281/cEcKXBQU_normal.jpg', 'https://pbs.twimg.com/media/F_2xMzZXUAA7tkY.jpg']",['No Video']
88,@edwardjdoherty,Ed Doherty,Mar 30,"Boston Strong
More than a phrase, as the anniversary of the Boston Marathon terrorist attack comes around, it's a reminder that bouncing back makes a difference. #bostonmarathonbombing, #bostonmarathon, #bostonstrong
https://conta.cc/3JQx4oN","['https://pbs.twimg.com/profile_images/796540395253534720/IeBJRVNC_normal.jpg', 'https://pbs.twimg.com/media/FPFZUmCXoAEt3l-.jpg']",['No Video']
89,@AmbroseLanden,Ed Doherty,Mar 30,"Boston Strong
More than a phrase, as the anniversary of the Boston Marathon terrorist attack comes around, it's a reminder that bouncing back makes a difference. #bostonmarathonbombing, #bostonmarathon, #bostonstrong
https://conta.cc/3JQx4oN","['https://abs.twimg.com/sticky/default_profile_images/default_profile_normal.png.jpg', 'https://pbs.twimg.com/media/FPFZUV7XMAQMLmU.jpg']",['No Video']
90,@ToxicCancel,Enough is enough,Mar 29,#PeterMonsini was killed in a parking garage collapse and people are worried about being 1.5 hours late for work because of the mess. NOT #BostonStrong!!!#MassAssholes,['https://pbs.twimg.com/profile_images/1297309884690640896/Y4Y-QL-r_normal.jpg'],['No Video']
91,@McKelvey_JD,No Name,Mar 28,Have faith there is a plan for you! #bostonstrong,['https://pbs.twimg.com/profile_images/1669051148005679104/mF4u3IkA_normal.jpg'],['No Video']
92,@abpframework,No Name,No Date,No Tweet Contents,['https://pbs.twimg.com/profile_images/1699098862139445252/z-70Ba7F_normal.png.jpg'],['No Video']
93,@abpframework,No Name,No Date,No Tweet Contents,"['https://pbs.twimg.com/profile_images/1699098862139445252/z-70Ba7F_normal.png.jpg', 'https://pbs.twimg.com/media/GAAxjbNXcAAvskU.jpg']",['No Video']
94,@MrGIF4479,No Name,Mar 28,"@Eintr8Eisbaeren der @RedSox at @Yankees #MLBTheShow #OpeningDay ist nah!

#DirtyWater #RedSox #BostonStrong ","['https://pbs.twimg.com/profile_images/1706627575554981888/c-7R1Ahn_normal.jpg', 'https://pbs.twimg.com/profile_images/1715340699170660352/sU3NozxP_mini.jpg', 'https://pbs.twimg.com/media/FO8_CGkXIAI7lPA.jpg']",['No Video']
95,@celticode,Norwegian Dude Fully Vaccinated,Mar 27,"Celtics won easily tonight, but some injuries may lead longer. Go Celtics! #bostonstrong ",['https://pbs.twimg.com/profile_images/1721580067049136128/TC58YBUr_normal.jpg'],['No Video']
96,@annaokellymd,Anna O,Mar 27,"I love Boston for so many reasons, but the strong Irish-American (and just straight-up Irish) pride has got to be among the top  #bostonpride #bostonstrong #clan @MassGenBrigham @BrighamFellows @MGHCVFellows @MGHHeartHealth @BrighamWomens","['https://pbs.twimg.com/profile_images/1265063030557196288/35vl_ORf_normal.jpg', 'https://pbs.twimg.com/media/FO5UgaHWQAERxcH.jpg']",['No Video']
97,@LouisLMurrayJr1,No Name,Mar 27,1/Thread on safety in #Massachusetts. #BostonStrong is but a quaint slogan. Only @AyannaPressley @MayorWu @SenWarren and a few other knuckleheads are hoping that the surviving convicted Islamic terrorist that bombed #Boston on Patriots Day can wriggle away from the executioner.,"['https://pbs.twimg.com/profile_images/1482383628265009156/-xlDKYbe_normal.jpg', 'https://pbs.twimg.com/media/FO3ECUDXoAUqwUV.jpg']",['No Video']
98,@dino246gts,Perspiring Barista,Mar 26,Boston stands with Ukraine! #bostonstrong,"['https://pbs.twimg.com/profile_images/1683549746508472327/8NdA0wVm_normal.jpg', 'https://pbs.twimg.com/media/FOyuxRYXEAIl5d2.jpg']",['No Video']
99,@rajyaatluri,No Name,No Date,No Tweet Contents,"['https://pbs.twimg.com/profile_images/1630978383986454528/SyNu0fk4_normal.jpg', 'https://pbs.twimg.com/media/F_5j90RWMAAk5hS.jpg']",['No Video']
100,@ChelseaScanner,No Name,Mar 26,"#NeverForget 
Thoughts go out today to
@BostonFire and to the
families of Lt. Edward Walsh
and FF Michael Kennedy as 
we remember these two heroes who made the ultimate
sacrifice 8 years ago today. #LODD #RIP #BostonFire #BostonStrong #E33L15 #BostonsBravest #Firefighters","['https://pbs.twimg.com/profile_images/1501912614728830978/BJQBvbM1_normal.jpg', 'https://pbs.twimg.com/media/FOxdT6QXsAYRN1V.jpg', 'https://pbs.twimg.com/media/FOxdT6QX0AMvd3T.jpg']",['No Video']
101,@lybraluv11,Thoughtful Rebel,Mar 26,"Generationally-owned-businesses I would bet are not getting rich off being in business, they are keeping their ancestors dream alive #BostonStrong through the love of their Italian heritage. #SupportTheNorthEndGateway #RespectTheDream",['https://pbs.twimg.com/profile_images/1696945044572270593/7vRvNdpb_normal.jpg'],['No Video']
102,@resawla,No Name,Mar 25,feeling connected to him #bostonstrong,['https://pbs.twimg.com/profile_images/1167828764463652864/1uzUtP3t_normal.jpg'],['No Video']
103,@PrVega1844,Gilbert Vega,Mar 25,Good time to surge..#BostonStrong,"['https://pbs.twimg.com/profile_images/1733594418/daddy_normal.jpg', 'https://pbs.twimg.com/profile_images/1625160982136819714/WMgnbW25_mini.jpg', 'https://pbs.twimg.com/media/FOoGXyqWYA4dm_d.jpg']",['No Video']
104,@Maurici40226679,Mauricio Blandino,Mar 25,"Life can be amazing when you put your heart into it.
#goachilles #achillesnyc #achilles_international #bostonmarathon #bostonstrong","['https://pbs.twimg.com/profile_images/1506602658131582982/zJva8k5E_normal.jpg', 'https://pbs.twimg.com/media/FOqwj_EXsAwM_1P.jpg']",['No Video']
105,@NicholasFish14,No Name,Mar 23,"@cncpts crushed this! The whole pack is a must for me. Who got the answer the raffle question? “The truth doesn't have to do with cruelty, the truth has to do with mercy.”
#BostonStrong","['https://pbs.twimg.com/profile_images/1366586448879775746/nCjKWv5l_normal.jpg', 'https://pbs.twimg.com/media/FOje6YjWYAgKJkf.jpg', 'https://pbs.twimg.com/media/FOje6ZqWQAQ-ps8.jpg', 'https://pbs.twimg.com/media/FOje6YjXMAAS2vC.jpg']",['No Video']
106,@kyleadams27,Kyle Adams,Mar 23,Trevor Story is now a Boston Redsox Let’s win the series this year #letsgo #bostonstrong @RedSox @barstoolsports @Jared_Carrabis,['https://pbs.twimg.com/profile_images/1714780746844356608/_OsfPiB__normal.jpg'],['No Video']
107,@NextLevelD1,Next Level Athlete,Mar 23,2023 Tyler ATH Montrell Wade reports an offer from Boston College. #TXHSFB #BostonStrong,"['https://pbs.twimg.com/profile_images/1414667465167183875/0TXBxWl5_normal.jpg', 'https://pbs.twimg.com/profile_images/1589415561947119622/gAe4PUM-_mini.jpg', 'https://pbs.twimg.com/media/FOez5CMXoAIlAFe.jpg']",['No Video']
108,@mbaile38,Matt Bailey,Mar 23,"Yankees fans are ignorant homers, don’t take it heart @middlebrooks #BostonStrong",['https://pbs.twimg.com/profile_images/451432265352900608/0s1Rxwhy_normal.jpeg'],['No Video']
109,@NDChzhead2,No Name,Mar 22,Was the #BostonStrong not counted because it started after the season started?,['https://pbs.twimg.com/profile_images/670095864581476352/_owMCKu-_normal.jpg'],['No Video']
110,@hoszy,No Name,Mar 22,My brother snapped on this one. This is the star that got away from me. Now I have my own custom one representing our city. My new PFP for sure. Thank you! #617 #BostonStrong #BostonMA,"['https://pbs.twimg.com/profile_images/1543299689524695040/ckKD7w-2_normal.jpg', 'https://pbs.twimg.com/profile_images/1654099584119975943/Fg80H_ds_mini.png.jpg', 'https://pbs.twimg.com/media/FOen_UFWUA0sTTj.jpg']",['No Video']
111,@steppingstrong1,Stepping Strong Center,Mar 22,"#Grateful to our awesome #SteppingStrong runners for fueling #trauma research and innovation. Please consider supporting our #BostonMarathon team!

#BostonStrong #injuryprevention #traumarecovery
https://bit.ly/3pRdPDU","['https://pbs.twimg.com/profile_images/1617623608829820928/xOO6nR_8_normal.jpg', 'https://pbs.twimg.com/media/FOdob3_WUA8OO7c.jpg', 'https://pbs.twimg.com/media/FOdo3PLWUBADo_6.jpg', 'https://pbs.twimg.com/media/FOdpGGoXoA0uoFa.jpg', 'https://pbs.twimg.com/media/FOdpUHfXsAUElro.jpg']",['No Video']
112,@coreycocop,No Name,Mar 22,@iamjojo i got my outfit pick out for Boston concert i am ready look flawless at VIP #bostonstrong,"['https://pbs.twimg.com/profile_images/1444446986162290698/PfZvC7Rh_normal.jpg', 'https://pbs.twimg.com/media/FOdKWLnWQAEQ8dh.jpg']",['No Video']
113,@NextLevelD1,Next Level Athlete,Mar 23,2023 Tyler ATH Montrell Wade reports an offer from Boston College. #TXHSFB #BostonStrong,"['https://pbs.twimg.com/profile_images/1414667465167183875/0TXBxWl5_normal.jpg', 'https://pbs.twimg.com/profile_images/1589415561947119622/gAe4PUM-_mini.jpg', 'https://pbs.twimg.com/media/FOez5CMXoAIlAFe.jpg']",['No Video']
114,@mbaile38,Matt Bailey,Mar 23,"Yankees fans are ignorant homers, don’t take it heart @middlebrooks #BostonStrong",['https://pbs.twimg.com/profile_images/451432265352900608/0s1Rxwhy_normal.jpeg'],['No Video']
115,@NDChzhead2,No Name,Mar 22,Was the #BostonStrong not counted because it started after the season started?,['https://pbs.twimg.com/profile_images/670095864581476352/_owMCKu-_normal.jpg'],['No Video']
116,@hoszy,No Name,Mar 22,My brother snapped on this one. This is the star that got away from me. Now I have my own custom one representing our city. My new PFP for sure. Thank you! #617 #BostonStrong #BostonMA,"['https://pbs.twimg.com/profile_images/1543299689524695040/ckKD7w-2_normal.jpg', 'https://pbs.twimg.com/profile_images/1654099584119975943/Fg80H_ds_mini.png.jpg', 'https://pbs.twimg.com/media/FOen_UFWUA0sTTj.jpg']",['No Video']
117,@steppingstrong1,Stepping Strong Center,Mar 22,"#Grateful to our awesome #SteppingStrong runners for fueling #trauma research and innovation. Please consider supporting our #BostonMarathon team!

#BostonStrong #injuryprevention #traumarecovery
https://bit.ly/3pRdPDU","['https://pbs.twimg.com/profile_images/1617623608829820928/xOO6nR_8_normal.jpg', 'https://pbs.twimg.com/media/FOdob3_WUA8OO7c.jpg', 'https://pbs.twimg.com/media/FOdo3PLWUBADo_6.jpg', 'https://pbs.twimg.com/media/FOdpGGoXoA0uoFa.jpg', 'https://pbs.twimg.com/media/FOdpUHfXsAUElro.jpg']",['No Video']
118,@coreycocop,No Name,Mar 22,@iamjojo i got my outfit pick out for Boston concert i am ready look flawless at VIP #bostonstrong,"['https://pbs.twimg.com/profile_images/1444446986162290698/PfZvC7Rh_normal.jpg', 'https://pbs.twimg.com/media/FOdKWLnWQAEQ8dh.jpg']",['No Video']
119,@NickProto,Nick Proto,Mar 22,"Great day yesterday.
B’s win a thriller 
C’s close out perfect roadie
Sox stay undefeated 
#BostonStrong",['https://pbs.twimg.com/profile_images/1705033453073231872/S2Sh07aM_normal.jpg'],['No Video']
120,@fugaziplacebo,No Name,Mar 21,"#BostonStrong Mayor of #Boston #MichelleWu keeps saying ""white fright"" but all I hear is ""white flight""

maybe it's the accent idk","['https://pbs.twimg.com/profile_images/1605428971835129856/JlA_NeKV_normal.jpg', 'https://pbs.twimg.com/profile_images/1457876426191945742/ZQttj_Q5_mini.jpg', 'https://pbs.twimg.com/ext_tw_video_thumb/1505676494911291394/pu/img/khwGniBqJcdOXNt1.jpg']",['https://pbs.twimg.com/ext_tw_video_thumb/1505676494911291394/pu/img/khwGniBqJcdOXNt1.jpg']
121,@vyvivastore,No Name,No Date,No Tweet Contents,"['https://pbs.twimg.com/profile_images/1722279019926712320/i0bRIXLp_normal.jpg', 'https://pbs.twimg.com/amplify_video_thumb/1728141972622258177/img/xNxZnlieri0Gk7W7.jpg']",['https://pbs.twimg.com/amplify_video_thumb/1728141972622258177/img/xNxZnlieri0Gk7W7.jpg']
122,@RABurton14,Rob Burton,Mar 21,"Next week The International Crisis Management Conference is hosting this webinar. John Petrozzelli will be sharing his expertise on the Boston Marathon Bombings.  

Register here..... https://crisisconferences.com/product/boston-marathon-bombing-lessons-for-incident-response-and-business-continuity/…
#bostonstrong #crisismanagement","['https://pbs.twimg.com/profile_images/1199107615688740864/AJau_mTK_normal.jpg', 'https://pbs.twimg.com/media/FOZm3cfWQAUl7UD.jpg']",['No Video']
123,@McKelvey_JD,No Name,Mar 21,"#karastrong #bostonstrong
Remember battles are won in the 10 inches between your ears!",['https://pbs.twimg.com/profile_images/1669051148005679104/mF4u3IkA_normal.jpg'],['No Video']
124,@alzheimersmanh,Alzheimers AssociationNH Chapter,Mar 21,"Eliza Core is taking on this year's #BostonMarathon with Team End ALZ in honor of her mom. Help us cheer her on! 

Visit http://givengain.com/cc/teamendalzboston2022… to learn more and to support the 2022 Team End ALZ Boston Marathon team! 
#ENDALZ #26point2 #BostonStrong #TeamEndALZ","['https://pbs.twimg.com/profile_images/1141000120089153536/DqZM7bba_normal.jpg', 'https://pbs.twimg.com/media/FOYY0TWXoAAmaaQ.jpg']",['No Video']
125,@denisfreidel,No Name,Mar 20,best infield #bostonstrong,['https://pbs.twimg.com/profile_images/2579086090/zxyxxybpefg10mja9ldo_normal.jpeg'],['No Video']
126,@ampere_official,No Name,No Date,No Tweet Contents,"['https://pbs.twimg.com/profile_images/1430388735066066956/z2vq56ys_normal.jpg', 'https://pbs.twimg.com/media/F_t6kYEacAE2c-Z.jpg']",['No Video']
127,@grizz01,Charlie Murray,Mar 20,"Happy birthday to @RealBobbyOrr , the greatest defenseman in the history of the #NHL. #BostonStrong",['https://pbs.twimg.com/profile_images/1352825555717124096/WIzZ9WuM_normal.jpg'],['No Video']
128,@Art_No_Rules,No Name,Mar 20,Guess you were wrong Tyler... Good thing huh? #DirtyWater #BostonStrong,['https://pbs.twimg.com/profile_images/1699783249940434944/Fbe2x6-7_normal.jpg'],['No Video']
129,@AdrianneHaslet,No Name,Mar 20,"Oregon here we come!! But first, Seattle then a road trip! Thank you @delta for always taking such care of people traveling with a disability and service dogs, truly no one else compares. Not sponsored, just grateful, because it really matters  #bostonstrong","['https://pbs.twimg.com/profile_images/1244635534821113863/kTTgQVoN_normal.jpg', 'https://pbs.twimg.com/media/FOSetA7XoAAVd7q.jpg']",['No Video']
130,@Joker_Gang35,Jay Perrin,Mar 19,"@danawhite let's bring a show back to Boston!!!! 

It's a life long dream of mine to fight at the Garden among my people! If you book one there, I'm in that mf!!! 

#UFCboston #BostonStrong",['https://pbs.twimg.com/profile_images/1562102358267478016/wA4kbu_t_normal.jpg'],['No Video']
131,@RDShoulder,Ruth Delaney,Mar 19,"#BostonStrong  Right on Hereford, Left on Boylston ",['https://pbs.twimg.com/profile_images/1382812389041696770/ugMLVwci_normal.jpg'],['No Video']
132,@MarybethMLang,Marybeth Lang,Mar 19,"My cousin is training for the #Boston Marathon. He has completed it many times including the time it was insulted by Marathon bombers.
#BostonStrong
#marathon","['https://pbs.twimg.com/profile_images/1509937188682838030/_XQkJu3A_normal.jpg', 'https://pbs.twimg.com/profile_images/1370054289951952899/MLxo99jJ_mini.jpg']",['No Video']
133,@Art_No_Rules,No Name,Mar 19,#GotDamn Arman sup w/you  True @celtics fans #BleedGreen #BostonStrong #ONE,"['https://pbs.twimg.com/profile_images/1699783249940434944/Fbe2x6-7_normal.jpg', 'https://pbs.twimg.com/tweet_video_thumb/FOOOI9JXMAAwCjN.jpg']",['https://pbs.twimg.com/tweet_video_thumb/FOOOI9JXMAAwCjN.jpg']
134,@dagrizzlybear74,Matt Lassiter,Mar 19,That’s just Fuckin weird #departed #bostonstrong,"['https://pbs.twimg.com/profile_images/378800000731496088/704a37c3342cbbf7f0662b393c729814_normal.jpeg', 'https://pbs.twimg.com/profile_images/1715216298165096448/gUBlbe7r_mini.jpg', 'https://pbs.twimg.com/media/FOKHM9TXEAUoaDQ.jpg']",['No Video']
135,@TS_WorldTravel,Worldtravelling Entertainment,No Date,No Tweet Contents,"['https://pbs.twimg.com/profile_images/1605181923797647361/1YkWpbU5_normal.jpg', 'https://pbs.twimg.com/media/F_2o8pbWYAAAHfb.jpg']",['No Video']
136,@SteveLively70,Big Steve,Mar 18,"Looking for great ones whom wish to join an incredible college sports legacy. Come energize the nation in the role of offensive lineman at BC. If you are the best, come join us as we return to the top teams in the nation. Want to go pro? No better place #Legacy #BostonStrong ","['https://pbs.twimg.com/profile_images/1548639029226348545/_Lll-HX8_normal.jpg', 'https://pbs.twimg.com/profile_images/1557049160020393985/6-qgOo2E_mini.jpg', 'https://pbs.twimg.com/profile_images/1680210026026131456/qbKpupVc_bigger.jpg', 'https://pbs.twimg.com/media/FODjw0lVUAIOuMH.jpg']",['No Video']
137,@NicholeHiltz,Nichole Hiltz,Mar 18,I’m obligated to feel this way and do! :). #bostonstrong,['https://pbs.twimg.com/profile_images/1566069831627001856/YrdBxhBu_normal.jpg'],['No Video']
138,@Zaknoble,Zak Noble,Mar 18,"Hey thanks  means a lot. Decent timing at least.  
#BostonStrong",['https://pbs.twimg.com/profile_images/1490861618279981060/M7Mrhtuv_normal.jpg'],['No Video']
139,@RAllen18122159,No Name,Mar 17,"Go green still exist
Happy Green Day
Let's Go C's
#BostonStrong
@celtics @HatClub","['https://pbs.twimg.com/profile_images/1705632320886059008/6-MMsItw_normal.jpg', 'https://pbs.twimg.com/media/FOEnvn9WUAk7lEe.jpg', 'https://pbs.twimg.com/media/FOEnv5TXMAsqsfE.jpg']",['No Video']
140,@MakingWaveTalk,Making Wave Talk,No Date,No Tweet Contents,"['https://pbs.twimg.com/profile_images/1719323859797561344/EnwOLF74_normal.jpg', 'https://pbs.twimg.com/media/F_8MuPVWgAAu3qD.jpg']",['No Video']
141,@NikkyWalks,Nik Walker,Mar 17,"""oh you think the green is your ally? but you merely adopted the green; i was born in it, molded by it...""
#StPatricksDay #hometownday #BostonStrong","['https://pbs.twimg.com/profile_images/1439078280305467393/eSYCAUT7_normal.jpg', 'https://pbs.twimg.com/media/FOD-YmHUcAQP4ig.jpg']",['No Video']
142,@CarolineBarlow,Caroline Barlow,Mar 17,"#HappyEvacuationDay
#BostonStrong
March 17, 1776",['https://pbs.twimg.com/profile_images/1521781218534113281/gF4IlK_y_normal.jpg'],['No Video']
143,@Stef_Shim,Stefanie Shimansky,Mar 16,Cannot wait to run the #BAA5k for @SpOlympicsMA next month!  I’m only $380 away from my goal! Click here to donate: https://fundraise.specialolympicsma.org/index.cfm?fuseaction=donorDrive.participant&participantID=16050… #runboston #charityrunner #BostonStrong #BostonMarathonGivingDay,"['https://pbs.twimg.com/profile_images/95189137/n1107390201_30081770_7812_normal.jpg', 'https://pbs.twimg.com/profile_images/1610284993611177986/qng8vYfD_mini.jpg', 'https://pbs.twimg.com/media/FM29HvMXwAciucZ.jpg']",['No Video']
144,@BritBear75,Jack Morrison,Mar 16,"New season, new cap  @RedSox #BostonStrong #RedSox #Boston","['https://pbs.twimg.com/profile_images/1721589758898429952/sQoO60wf_normal.jpg', 'https://pbs.twimg.com/media/FN_Y380XEAUuXgV.jpg']",['No Video']
145,@MayhemMcPheePod,Mayhem Podcast,Mar 16,"Sean Collier will never be forgotten.

Take a moment to reflect and honor the sacrifice he made protecting us.

#BostonStrong @MicheleMcPhee
https://mayhempod.com","['https://pbs.twimg.com/profile_images/1446556455235043329/Z8ldg0Cd_normal.jpg', 'https://pbs.twimg.com/ext_tw_video_thumb/1504137041151344640/pu/img/QjigXv5_m2B2d7bY.jpg']",['https://pbs.twimg.com/ext_tw_video_thumb/1504137041151344640/pu/img/QjigXv5_m2B2d7bY.jpg']
146,@shantohagopian,No Name,Mar 16,"Follow the journey to the Boston Marathon:

#BostonStrong #marathontraining
https://strava.app.link/38yk8nFQrob",['https://pbs.twimg.com/profile_images/1671973878363742208/wtpa_HxE_normal.jpg'],['No Video']
147,@pghseminary,Pittsburgh Theological Seminary,No Date,No Tweet Contents,"['https://pbs.twimg.com/profile_images/1414669626433228809/DNcYSnr0_normal.jpg', 'https://pbs.twimg.com/media/FE_HQTnXsAUmwFH.jpg']",['No Video']
148,@TomGoul40402567,No Name,Mar 16,"A piece of art I bought some months ago really nice.

#art #Boston #RedSox #BostonStrong #sports #dirywater #redsoxfan #redsoxlife #レッドソックス #ボストン #アート",['https://pbs.twimg.com/profile_images/1720628136071602176/Zw-VVsn3_normal.jpg'],['No Video']
149,@drnasrine,No Name,Mar 15,"As a Muslim born & raised in #BostonStrong, I can say absolutely you are welcome, belong, and I am grateful you do! https://twitter.com/mhdksafa/status/1503791870144565249…",['https://pbs.twimg.com/profile_images/1348954603425918978/Xs9mlw_H_normal.jpg'],['No Video']
150,No twitter handle,No Name,No Date,No Tweet Contents,['No Images'],['No Video']
151,@MrGIF4479,No Name,Mar 15,"@Patriots #ForeverNE 
@NHLBruins #NHLBruins 
@RedSox #DirtyWater 
@celtics #BleedGreen 
Are No 1!

#BostonStrong #Love #BostonSports #Boston ","['https://pbs.twimg.com/profile_images/1706627575554981888/c-7R1Ahn_normal.jpg', 'https://pbs.twimg.com/tweet_video_thumb/FN5nobYXEAIh6-Q.jpg']",['https://pbs.twimg.com/tweet_video_thumb/FN5nobYXEAIh6-Q.jpg']
152,@NikkyWalks,Nik Walker,Mar 15,"thinkin today is a @DropkickMurphys kinda day… but then again, isn’t every day? #bostonstrong",['https://pbs.twimg.com/profile_images/1439078280305467393/eSYCAUT7_normal.jpg'],['No Video']
153,@alzheimersmanh,Alzheimers AssociationNH Chapter,Mar 14,"Caitlyn Caramello is taking on this year's #BostonMarathon with Team End ALZ in honor of her grandfather. Help us cheer her on! 

Visit http://givengain.com/cc/teamendalzboston2022… to learn more and to support the 2022 Team End ALZ Boston Marathon team! #ENDALZ #26point2 #BostonStrong #TeamEndALZ","['https://pbs.twimg.com/profile_images/1141000120089153536/DqZM7bba_normal.jpg', 'https://pbs.twimg.com/media/FN1CV66XoAAc3kU.jpg']",['No Video']
154,@Mooseleader1,No Name,Mar 14,that's the way it is where I live. #BostonStrong #BostonPride,['https://pbs.twimg.com/profile_images/1501596978861510660/EgmmiMs8_normal.jpg'],['No Video']
155,@grahamspeight1,Graham Speight,Mar 14,"Well, weather is lush  #Boston #BostonStrong #BostonRedSox #BostonCeltics #Celtics #RedSox","['https://pbs.twimg.com/profile_images/1672220636834299904/Bxugk5Mw_normal.jpg', 'https://pbs.twimg.com/media/FNzp1OXXIAgzE9W.jpg']",['No Video']
156,@BryanRiggs,Bryan Riggs,Mar 13,This should help kick start Spring Training for the @RedSox. Whoever put this together thank you... sincerely. See you in October.#BostonStrong,['https://pbs.twimg.com/profile_images/1647027211512483842/W1SZGSC5_normal.jpg'],['No Video']
157,@CarrieClifford,Carrie Clifford,Mar 13,"Where are my high school dramies at? Tonight’s @GreatNorthFOX is for you!  
.
#Boston #bostonstrong #theperfectstorm #gloucester #wickedgood #dunkindonuts #fenwaypark https://twitter.com/thomasjreyes/status/1503042590869897219…",['https://pbs.twimg.com/profile_images/1207549332955656192/VAXLfa0t_normal.jpg'],['No Video']
158,No twitter handle,No Name,No Date,No Tweet Contents,['No Images'],['No Video']
159,@MrGIF4479,No Name,Mar 15,"@Patriots #ForeverNE 
@NHLBruins #NHLBruins 
@RedSox #DirtyWater 
@celtics #BleedGreen 
Are No 1!

#BostonStrong #Love #BostonSports #Boston ","['https://pbs.twimg.com/profile_images/1706627575554981888/c-7R1Ahn_normal.jpg', 'https://pbs.twimg.com/tweet_video_thumb/FN5nobYXEAIh6-Q.jpg']",['https://pbs.twimg.com/tweet_video_thumb/FN5nobYXEAIh6-Q.jpg']
160,@NikkyWalks,Nik Walker,Mar 15,"thinkin today is a @DropkickMurphys kinda day… but then again, isn’t every day? #bostonstrong",['https://pbs.twimg.com/profile_images/1439078280305467393/eSYCAUT7_normal.jpg'],['No Video']
161,@alzheimersmanh,Alzheimers AssociationNH Chapter,Mar 14,"Caitlyn Caramello is taking on this year's #BostonMarathon with Team End ALZ in honor of her grandfather. Help us cheer her on! 

Visit http://givengain.com/cc/teamendalzboston2022… to learn more and to support the 2022 Team End ALZ Boston Marathon team! #ENDALZ #26point2 #BostonStrong #TeamEndALZ","['https://pbs.twimg.com/profile_images/1141000120089153536/DqZM7bba_normal.jpg', 'https://pbs.twimg.com/media/FN1CV66XoAAc3kU.jpg']",['No Video']
162,@Mooseleader1,No Name,Mar 14,that's the way it is where I live. #BostonStrong #BostonPride,['https://pbs.twimg.com/profile_images/1501596978861510660/EgmmiMs8_normal.jpg'],['No Video']
163,@grahamspeight1,Graham Speight,Mar 14,"Well, weather is lush  #Boston #BostonStrong #BostonRedSox #BostonCeltics #Celtics #RedSox","['https://pbs.twimg.com/profile_images/1672220636834299904/Bxugk5Mw_normal.jpg', 'https://pbs.twimg.com/media/FNzp1OXXIAgzE9W.jpg']",['No Video']
164,@BryanRiggs,Bryan Riggs,Mar 13,This should help kick start Spring Training for the @RedSox. Whoever put this together thank you... sincerely. See you in October.#BostonStrong,['https://pbs.twimg.com/profile_images/1647027211512483842/W1SZGSC5_normal.jpg'],['No Video']
165,@CarrieClifford,Carrie Clifford,Mar 13,"Where are my high school dramies at? Tonight’s @GreatNorthFOX is for you!  
.
#Boston #bostonstrong #theperfectstorm #gloucester #wickedgood #dunkindonuts #fenwaypark https://twitter.com/thomasjreyes/status/1503042590869897219…",['https://pbs.twimg.com/profile_images/1207549332955656192/VAXLfa0t_normal.jpg'],['No Video']
166,No twitter handle,No Name,No Date,No Tweet Contents,['No Images'],['No Video']
167,@jimmyhuiquincy,Jimmy Hui,Mar 13,Our thoughts and prayers to the Renuad's family for their loss of Brett's passing in the middle of Russia-Ukraine war during in the difficult time of the tragedy. #QuincyMA #PrayForUkraine #PrayforJournalists #UkraineStrong #AmericaStrong #QuincyStrong #Huitourage #BostonStrong,"['https://pbs.twimg.com/profile_images/1722833064244457472/bnymXyVs_normal.jpg', 'https://pbs.twimg.com/media/FNxCFKnXwAM9j3z.jpg']",['No Video']
168,@Definitely_Cuff,Storytime Stiz,Mar 13,Did I tell you when I was making Pisco Sours on Level 4 at 105 York with Lisa Alexander? #BostonStrong,['https://pbs.twimg.com/profile_images/968437752684359680/1W1Cx2Ty_normal.jpg'],['No Video']
169,@catapultsports,No Name,No Date,No Tweet Contents,"['https://pbs.twimg.com/profile_images/1062952236576206848/LS_BTbWs_normal.jpg', 'https://pbs.twimg.com/media/F-6mSm3WEAAFOn_.jpg']",['No Video']
170,@RAllen18122159,No Name,Mar 13,"Well deserved 
C's for life
#BostonStrong #Mytop75alltime","['https://pbs.twimg.com/profile_images/1705632320886059008/6-MMsItw_normal.jpg', 'https://pbs.twimg.com/tweet_video_thumb/FNvMxAZXsAMZ00j.jpg']",['https://pbs.twimg.com/tweet_video_thumb/FNvMxAZXsAMZ00j.jpg']
171,@massgrassroot,MassGrass Roots,Mar 13,'The World's Fastest Stoner' wants to one day run a four-minute mile stoned #boston #bostonstoned #bostonstrong #massgrassroots #617420 #bostoncannabis #massgrass #grassachusetts,['https://pbs.twimg.com/profile_images/1332418346072104963/GPdIMrdP_normal.jpg'],['No Video']
172,@KOD33,The Real KOD,Mar 12,The anticipation is starting to build… #BleedGreen #BigTicket #KG #Celtics #NBA75 #BostonStrong,"['https://pbs.twimg.com/profile_images/875180517666299908/OLYvJ6az_normal.jpg', 'https://pbs.twimg.com/media/FNr-hE8UYAEhPEu.jpg']",['No Video']
173,@longballlefty,No Name,Mar 11,"The Boston Celtics motor past the pesky Detroit Pistons 114-103. 31 for Tatum, 22 for Brown, and 20 for Smart. The Celtics team defense is a beautiful thing. #BostonCeltics #TheGreenTeam #defense #NBA #17goingon18 #BostonStrong",['https://pbs.twimg.com/profile_images/574386063365574656/1wg1WZq3_normal.jpeg'],['No Video']
174,@ALLinAK,Aaron Kweskin,Mar 11,I went out for dinner with my best friends in the world and somehow I ended up with five drinks at the end of the night! #Bostonstrong,"['https://pbs.twimg.com/profile_images/1592393855009140736/mR4BZzoG_normal.jpg', 'https://pbs.twimg.com/media/FNnb-CcXMAAay85.jpg']",['No Video']
175,@stkchedda,No Name,Mar 11,"$AMC #AMC 
Funniest shit ever! Thanks for the lol and always #bostonstrong","['https://pbs.twimg.com/profile_images/1705430988485005312/4iIEMsBB_normal.jpg', 'https://pbs.twimg.com/media/FNlealFWQAcjakS.jpg']",['No Video']
176,@DeRosaDonna,Donna DeRosa,Mar 11,Please say extra prayers for the people of Ukraine.  #ukraine #bostonstrong #prayforukraine #pray #prayerworks #standunited #peaceforukraine #peace,"['https://pbs.twimg.com/profile_images/1508891038072680451/vsuSyCVz_normal.jpg', 'https://pbs.twimg.com/card_img/1729514368600096768/OTnVoMay.jpg']",['No Video']
177,@SEBeller,SE Still Wearing AMask Beller,Mar 11,"Hot damn, baseball's back! #GoSox #bostonstrong","['https://pbs.twimg.com/profile_images/1485347177903833096/aSk79RsF_normal.jpg', 'https://pbs.twimg.com/media/FNjDi4DVUAc3T45.jpg']",['No Video']
178,@ALLinAK,Aaron Kweskin,Mar 10,My home town! #Boston #bostonstrong,"['https://pbs.twimg.com/profile_images/1592393855009140736/mR4BZzoG_normal.jpg', 'https://pbs.twimg.com/media/FNhsVwPXsAA_qa5.jpg']",['No Video']
179,@grahamspeight1,Graham Speight,Mar 10,"BASEBALL IS FUCKING BACK!!! LFG!!!!! #RedSox #RedSoxNation #Boston #BostonRedSox #BostonStrong Dropkick Murphys ""The Boys Are Back"" (The Red Sox Championship Parade Ve... https://youtu.be/aZVwKkeyd9c via @YouTube","['https://pbs.twimg.com/profile_images/1672220636834299904/Bxugk5Mw_normal.jpg', 'https://pbs.twimg.com/card_img/1728436010730860544/J-blBHsF.jpg']",['No Video']
180,@JoeSchmoe6597,No Name,Mar 10,She is awesome.. #BostonStrong,['https://pbs.twimg.com/profile_images/1727665803984539648/upJNgoTW_normal.jpg'],['No Video']
181,@vyvivastore,No Name,No Date,No Tweet Contents,"['https://pbs.twimg.com/profile_images/1722279019926712320/i0bRIXLp_normal.jpg', 'https://pbs.twimg.com/amplify_video_thumb/1728141972756475904/img/7pFJHomK0Zc7sDxQ.jpg']",['https://pbs.twimg.com/amplify_video_thumb/1728141972756475904/img/7pFJHomK0Zc7sDxQ.jpg']
182,@K2daT,No Name,Mar 10,Especially since our Celtics are hitting on all cylinders. #bostonstrong,['https://pbs.twimg.com/profile_images/1237694270863269890/rZo_5aXS_normal.jpg'],['No Video']
183,@LingMeiWong,Mei Wong 黃靈美,Mar 9,"Boston @MayorWu: “The biggest barrier in this city is believing that we can’t do more.” 

#MakeADifference
#BostonStrong
#InvestInCommunities
https://bostonglobe.com/2022/03/09/metro/federal-covid-funds-offer-michelle-wu-big-boost-with-her-big-plans/… via @BostonGlobe",['https://pbs.twimg.com/profile_images/1526596094888759296/WXwAcFf0_normal.jpg'],['No Video']
184,@BigSmart100,Mohammed AbdelRazzaq,Mar 9,"We still have everything, and a whole lot more to come! #BostonStrong #Titletown",['https://pbs.twimg.com/profile_images/723807464/DSC01726_normal.JPG.jpg'],['No Video']
185,@rwamboldt55,Rob Wamboldt,Mar 9,"He lost 2 AFC Championship games at home and blown out by TB12 in the SB. TB12 won 3 SB's in first 4 seasons. I am stupid. I prefer 7 rings over 1. 
Stats and getting close are for runner ups. you must be from KC... #bostonstrong",['https://pbs.twimg.com/profile_images/1271481711306534914/rPje08LS_normal.jpg'],['No Video']
186,@NEFreeJacks,New England Free Jacks,Mar 8,"// Much love to our friends at the @NHLBruins for wishing us luck ahead of our home opener this Saturday in Quincy!

 http://freejacks.showare.com to join the festival!

@CurtisLazar95
#TogetherWeRide #BostonStrong","['https://pbs.twimg.com/profile_images/1504853297341124623/2torw_Ru_normal.jpg', 'https://pbs.twimg.com/ext_tw_video_thumb/1501217172705746956/pu/img/o7V99D_heVEheRWq.jpg']",['https://pbs.twimg.com/ext_tw_video_thumb/1501217172705746956/pu/img/o7V99D_heVEheRWq.jpg']
187,@SimmonsR13,No Name,Mar 8,"The first tweet I woke up to! Won’t God do it! All day, everyday! #bostonstrong congrats Veronica!","['https://pbs.twimg.com/profile_images/1387908822681927687/r9_05eag_normal.jpg', 'https://pbs.twimg.com/profile_images/1715447892662460417/g7ulGF2O_mini.jpg', 'https://pbs.twimg.com/media/FNQ7u9XXIAEHpNy.jpg']",['No Video']
188,@TomGoul40402567,No Name,Mar 7,"I know this is a game from last month but I really love going to hockey games and I had a great time hope to see them at the playoffs!

#NHL #Boston #Bostonbruins #pizza #hockey #Bostonstrong #Bostonsports #sports","['https://pbs.twimg.com/profile_images/1720628136071602176/Zw-VVsn3_normal.jpg', 'https://pbs.twimg.com/media/FNRfTJpXIAMjbq3.jpg', 'https://pbs.twimg.com/media/FNRfabLXEA4OMXu.jpg', 'https://pbs.twimg.com/media/FNRf9kvX0AQJeTO.jpg', 'https://pbs.twimg.com/media/FNRi499XoAQZZ7U.jpg']",['No Video']
189,@WindyWilson88,Windy Wilson,Mar 7,"Just been watching Patriots Day on @netflix. Reminds me I’m running the @ChiMarathon in October this year for @AlexsLemonade Stand Foundation for childhood cancer 

If you can spare a few quid. My link is below 

#BostonStrong #TeamLemon
http://alexslemonade.org/mypage/2045541",['https://pbs.twimg.com/profile_images/1722479905701527552/iyLH_Nxb_normal.jpg'],['No Video']
190,@alzheimersmanh,Alzheimers AssociationNH Chapter,Mar 7,"Jackie is running this year's #BostonMarathon in honor of her grandmother. Help us cheer her on!

""In June 2021, I lost my grandmother to dementia. She was a huge part of my life. She truly made the world a better place.""

http://givengain.com/cc/teamendalzboston2022…
#ENDALZ #26point2 #BostonStrong","['https://pbs.twimg.com/profile_images/1141000120089153536/DqZM7bba_normal.jpg', 'https://pbs.twimg.com/media/FNQ_Ou9XsAcplDY.jpg']",['No Video']
191,@Shopping_Tools,No Name,No Date,No Tweet Contents,"['https://pbs.twimg.com/profile_images/1653783944603615236/IPIzXTSl_normal.jpg', 'https://pbs.twimg.com/media/F9SsogaXgAES5uB.jpg']",['No Video']
192,@ru_doomsday_art,Glen Kertes,Mar 7,"""Big Papi"" @davidortiz of the Boston Red Sox circa 2004. Artwork by @ru_doomsday_art #bostonstrong #sportsartist #bostonredsox #redsoxnation","['https://pbs.twimg.com/profile_images/1542877394901651456/HGzmZDZ7_normal.jpg', 'https://pbs.twimg.com/media/FNQOHh8WYBAnlnu.jpg']",['No Video']
193,@MarkSmi98498283,Mark Smith,Mar 6,#BostonStrong for Ukraine,['https://pbs.twimg.com/profile_images/763842546699239424/b6F9Pm3y_normal.jpg'],['No Video']
194,@NordicNorthman,No Name,Mar 6,"Boston fans don’t forget 
#BostonStrong",['https://pbs.twimg.com/profile_images/1518636553114767360/Rx70Quc9_normal.jpg'],['No Video']
195,@FStringing,No Name,Mar 6,Today people gathered together in the Boston Commons rallying for peace between Ukraine and Russia as the conflicts continue overseas #Peace #UkraineStrong #Russia #BostonStrong #BlueAndYellow #Breaking https://twitter.com/matty_kam/status/1500554342247669761…,['https://pbs.twimg.com/profile_images/1260195502559199232/IzkKPVMs_normal.jpg'],['No Video']
196,@SoxOnTheBrain@SoxOnTheBrain,Same on all platforms,Mar 6,".@LeeHarvey13 24/24

And so, another birthday celebration, comes to an end. To close out the party: Carole King and James Taylor, #BostonStrong Concert, 2013.

Happy Birthday, my dear @LeeHarvey13. You've Got A Friend. 

Always. xox

https://youtube.com/watch?v=2ZI3kLrHK80…",['https://pbs.twimg.com/profile_images/1154194289603338240/-AocTxBZ_normal.jpg'],['No Video']
197,@bender_hatch,No Name,Mar 5,Today we’d like to say a big thank you to our Boston fire departments for all you do to keep our community safe! #BenderHatchInsurance #BostonStrong #BostonFireDepartment #NewEngland https://benderhatch.com,"['https://pbs.twimg.com/profile_images/1356257544419880968/IuCkLBrf_normal.jpg', 'https://pbs.twimg.com/media/FNIC--VX0AAOA22.jpg']",['No Video']
198,@Thomas_Carrieri,Thomas Carrieri,Mar 5,#BostonStrong forever,['https://pbs.twimg.com/profile_images/1700379962476302336/fLpdEuxD_normal.jpg'],['No Video']
199,@TheQuillBot,No Name,No Date,No Tweet Contents,"['https://pbs.twimg.com/profile_images/1658504932243243008/g1gv3F_4_normal.jpg', 'https://pbs.twimg.com/media/F_WmDStW4AAJVaG.jpg']",['No Video']
200,@poeboston,Dan Currie,Mar 5,.@Adrian_Walker: Tsarnaev’s #deathpenalty has been reinstated. But it’s still the wrong punishment. https://bostonglobe.com/2022/03/04/metro/tsarnaevs-death-penalty-has-been-reinstated-its-still-wrong-punishment/?event=event25… via @BostonGlobe > #bospoli #terrorism #BostonStrong,['https://pbs.twimg.com/profile_images/1122000360808357888/fjgrSSPy_normal.png.jpg'],['No Video']
201,@Definitely_Cuff,Storytime Stiz,Mar 5,"That reminds me of when I was in Steve's Socks' warehouse, checking my status credits and randomly I see Peter Hitchener. I was like 'Thanks Car History!' #BostonStrong",['https://pbs.twimg.com/profile_images/968437752684359680/1W1Cx2Ty_normal.jpg'],['No Video']
202,@bruins4_life,No Name,Mar 5,"Really? Who's ""liking"" this comment    have a great day #BostonStrong",['https://pbs.twimg.com/profile_images/1714342032569733120/rhFZqQ_5_normal.jpg'],['No Video']
203,@LouisLMurrayJr1,No Name,Mar 5,So glad the coverage in the @bostonherald is still focused on the victims of this crime of #Islamicterror. #BostonStrong,['https://pbs.twimg.com/profile_images/1482383628265009156/-xlDKYbe_normal.jpg'],['No Video']
204,@MikeGooch_Pics,Mike Gooch,Mar 5,"""Boston Harbor"" by #MikeGoochProductions
#photography #photo #nycphotographer #FollowThisPhotoGuy #PhotographyIsArt #streetphotography #streetphotographer #Boston #BostonStrong #bostonharbor","['https://pbs.twimg.com/profile_images/1640515319226593280/Ko2VjzbQ_normal.jpg', 'https://pbs.twimg.com/media/FNGOch6XwAQzmM9.jpg', 'https://pbs.twimg.com/media/FNGOch4WQAMqynr.jpg', 'https://pbs.twimg.com/media/FNGOch6XoAYVb39.jpg', 'https://pbs.twimg.com/media/FNGOch7XMAUywB8.jpg']",['No Video']
205,@KevinBertoni,Kevin Bertoni,Mar 5,Why isn't this motherfucker already dead #BostonStrong,"['https://pbs.twimg.com/profile_images/1170890706283614208/Eig4_tZa_normal.jpg', 'https://pbs.twimg.com/profile_images/1058469392688836609/vHXurVod_mini.jpg', 'https://pbs.twimg.com/media/FNBbGfyXEBQBvoq.jpg']",['No Video']
206,@MikeGooch_Pics,Mike Gooch,Mar 5,"""Boston"" by #MikeGoochProductions
#photography #photo #nycphotographer #FollowThisPhotoGuy #PhotographyIsArt #streetphotography #streetphotographer #Boston #BostonStrong","['https://pbs.twimg.com/profile_images/1640515319226593280/Ko2VjzbQ_normal.jpg', 'https://pbs.twimg.com/media/FNGG3-uWUAcoPaC.jpg', 'https://pbs.twimg.com/media/FNGG3-vXsAAWmxL.jpg', 'https://pbs.twimg.com/media/FNGG3-wXEAAkzSy.jpg', 'https://pbs.twimg.com/media/FNGG3-wWYAwjWft.jpg']",['No Video']
207,@bfl2125,Brian L,Mar 5,Deep fry his ass!!!! #BostonStrong ,"['https://pbs.twimg.com/profile_images/808888132267638784/E9NQ1QZg_normal.jpg', 'https://pbs.twimg.com/tweet_video_thumb/FNF-_QuWYAAJoNA.jpg']",['https://pbs.twimg.com/tweet_video_thumb/FNF-_QuWYAAJoNA.jpg']
208,@spinacds,No Name,Mar 5,It should have been done a long time ago. He doesn’t deserve to live. #BostonStrong,['https://pbs.twimg.com/profile_images/1123943862433718274/ZT57mlD4_normal.jpg'],['No Video']
209,@ActionNetworkHQ,Action Network,No Date,No Tweet Contents,"['https://pbs.twimg.com/profile_images/1384641200603414530/Nq9iTLIE_normal.jpg', 'https://pbs.twimg.com/media/F_ei7v_WwAAem9j.jpg']",['No Video']
210,@Nickjames888,Nick james,Mar 5,"With all the bad news lately, least we get Justice. For the lives you and your brother took on that peaceful day, you deserve this sentence. #BostonBomber #BostonStrong #WeRemember #itsourfuckingcity","['https://pbs.twimg.com/profile_images/1499926322751098885/uPt2-PTA_normal.jpg', 'https://pbs.twimg.com/profile_images/1058469392688836609/vHXurVod_mini.jpg', 'https://pbs.twimg.com/media/FNBbGfyXEBQBvoq.jpg']",['No Video']
211,@ChrisBrathw8,Chris Brathwaite,Mar 4,"No days off. 
@chikenparmanana
 just forcing you to play hurt with a bleeding scalp.  But you push through.  #BostonStrong",['https://pbs.twimg.com/profile_images/1458870793354502144/8AxzENzr_normal.jpg'],['No Video']
212,@HeismanHeist22,Cameron Salters,Mar 4,This is our F'N City 2013 #BostonStrong,['https://pbs.twimg.com/profile_images/1609733926917898240/3JEoDU8t_normal.jpg'],['No Video']
213,@wanderprints,Wander Prints,No Date,No Tweet Contents,['https://pbs.twimg.com/profile_images/1521430589295165440/Ny-1x4xx_normal.jpg'],['No Video']
214,@DrTiminNY,Dr Tim Trades,Mar 4,I hope it comes quickly. Every time I race the course I can’t believe he’s still alive #BostonMarathon #BostonStrong,"['https://pbs.twimg.com/profile_images/1453024771671838720/-xhJFgpe_normal.jpg', 'https://pbs.twimg.com/profile_images/966372680306868224/60wfGe9e_mini.jpg', 'https://pbs.twimg.com/media/FNBZ-VrWYAU5Vxa.jpg']",['No Video']
215,@LovettRob,Rob Lovett,Mar 4,GOOD! #BostonStrong #BostonMarathon #BostonBomber this will drag on for years. He won't be executed anytime soon. In the meantime I hope he is miserable in prison.,['https://pbs.twimg.com/profile_images/1531848279503282176/ZVLtydHQ_normal.jpg'],['No Video']
216,@kmikeyborgard,Mikey Borgard,Mar 4,"Hashtags like #BelieveinBoston and #BostonStrong trended for weeks. We know for a fact that some of the original jurors engaged with these posts. 

It's completely reasonable to be concerned, as a defense attorney, that your client faces predetermined judgment from the jury. 5/",['https://pbs.twimg.com/profile_images/1548448030562455555/oOeEBaKR_normal.jpg'],['No Video']
217,@clem56001,Dark Side Rider,Mar 4,I hope they implement it and execute him as soon as possible. #BostonStrong,['https://pbs.twimg.com/profile_images/1505194822029697024/tmI8a56D_normal.jpg'],['No Video']
218,@gvantis,George Kalavantis,Mar 4,Justice has been served. The federal appeals court was wrong to toss the death sentence. #BostonStrong,"['https://pbs.twimg.com/profile_images/599546416780943361/kMZQqa1m_normal.jpg', 'https://pbs.twimg.com/profile_images/461964160838803457/8z9FImcv_mini.png.jpg']",['No Video']
219,@MistressCarrie,Mistress Carrie,Mar 4,"Well at least one good thing happened today! Now lets get a date set, and finish this, so the victims and the city can heal. #BostonStrong","['https://pbs.twimg.com/profile_images/1267879429587505152/oZMkpa1p_normal.jpg', 'https://pbs.twimg.com/profile_images/461964160838803457/8z9FImcv_mini.png.jpg']",['No Video']
220,@Lightnin91,Anne Marie,Mar 4,"@ABCGMA3 Your news reporter rather minimized Tsarnaev's crimes.  He killed three, injured and maimed many other runners and innocent bystanders.  Those of us will never forget.  #BostonStrong",['https://pbs.twimg.com/profile_images/1005910199629213697/DUQaxF33_normal.jpg'],['No Video']
221,@mmariano633,Mark Mariano,Mar 4,Great news- a higher court reinstated the death penalty for that piece of garbage convicted in the Boston Marathon bombing. Justice for all victims. #bostonstrong,['https://pbs.twimg.com/profile_images/2777705747/8c243ed4900d97fe845a1584f8345d58_normal.jpeg'],['No Video']
222,@BostonAttitude,No Name,Mar 4,"In a 6-3 decision, the US Supreme Court has reinstated the death sentence for Boston Marathon bomber Dzhokhar Tsarnaev.
#BostonStrong",['https://pbs.twimg.com/profile_images/1686194588703137793/Dp43xLjV_normal.jpg'],['No Video']
223,@HeroWarsWeb,Hero Wars,No Date,No Tweet Contents,['https://pbs.twimg.com/profile_images/1669708622316576772/nOnoAJqk_normal.jpg'],['No Video']
224,@IvanDenisovitch,Inmate No,Mar 4,Good. #BostonStrong,"['https://pbs.twimg.com/profile_images/1694878700485939200/KfiLGILq_normal.jpg', 'https://pbs.twimg.com/tweet_video_thumb/FNBPUefX0AcBogm.jpg']",['https://pbs.twimg.com/tweet_video_thumb/FNBPUefX0AcBogm.jpg']
225,@HeroWarsWeb,Hero Wars,No Date,No Tweet Contents,['https://pbs.twimg.com/profile_images/1669708622316576772/nOnoAJqk_normal.jpg'],['No Video']
226,@IvanDenisovitch,Inmate No,Mar 4,Good. #BostonStrong,"['https://pbs.twimg.com/profile_images/1694878700485939200/KfiLGILq_normal.jpg', 'https://pbs.twimg.com/tweet_video_thumb/FNBPUefX0AcBogm.jpg']",['https://pbs.twimg.com/tweet_video_thumb/FNBPUefX0AcBogm.jpg']
227,@Boskimo2,No Name,Mar 4,Rip Martin.  God Bless the Richard family.   #BostonStrong,['https://pbs.twimg.com/profile_images/1673691908139364353/7kge4u5y_normal.jpg'],['No Video']
228,@thekingB894,Brandon C,Mar 4,You damn right! #BostonStrong,['https://pbs.twimg.com/profile_images/1567224596885012481/YSRQYR8q_normal.jpg'],['No Video']
229,@KristianSyku,𝗞𝗿𝗶𝘀𝘁𝗶𝗮𝗻 𝗦𝘆𝗸𝘂,Mar 4,#BostonStrong ALWAYS!,"['https://pbs.twimg.com/profile_images/1724888577870270464/d7NpLVgt_normal.jpg', 'https://pbs.twimg.com/profile_images/461964160838803457/8z9FImcv_mini.png.jpg']",['No Video']
230,@verified,No Name,No Date,No Tweet Contents,"['https://pbs.twimg.com/profile_images/1683364031921356800/lC0xkPJZ_normal.jpg', 'https://pbs.twimg.com/profile_images/1683899100922511378/5lY42eHs_bigger.jpg', 'https://pbs.twimg.com/media/F_ZtoOFWEAA4tGJ.jpg']",['No Video']
231,@its_alexflores,No Name,Mar 4,"If ever there was a time I disagreed with the ""liberal"" members of the court, this is that time. This sumbish deserves the #deathpenalty. #BostonStrong https://nytimes.com/2022/03/04/us/politics/supreme-court-death-sentence-boston-marathon-bomber.html…",['https://pbs.twimg.com/profile_images/1564752852244889608/gJrzAnnn_normal.jpg'],['No Video']
232,@wickedboston,No Name,Mar 4,Good!  #BostonStrong,['https://pbs.twimg.com/profile_images/1263979829533249536/sCRgNRVv_normal.jpg'],['No Video']
233,@RABurton14,Rob Burton,Mar 4,"Another event by @CrisisCons John Petrozzelli will walk through crisis and continuity challenges based on his experience from the Boston Marathon Bombings in 2013. 

Register for FREE: https://crisisconferences.com/product/boston-marathon-bombing-lessons-for-incident-response-and-business-continuity/…
#bostonstrong #crisismanagement #preparedness #terrorism",['https://pbs.twimg.com/profile_images/1199107615688740864/AJau_mTK_normal.jpg'],['No Video']
234,@_uhlexa_,No Name,Mar 4,I’ve been saying it for years. Bring him to the finish line and let survivors blow off his limbs and carve #BostonStrong into his chest ,"['https://pbs.twimg.com/profile_images/1715802597850767360/oiyrh-KA_normal.jpg', 'https://pbs.twimg.com/profile_images/1696188996504674306/90N4SMkC_mini.jpg']",['No Video']
235,@HowardHughesCo,Howard Hughes Holdings Inc,No Date,No Tweet Contents,"['https://pbs.twimg.com/profile_images/1510986139913576454/MZ307U1m_normal.png.jpg', 'https://pbs.twimg.com/amplify_video_thumb/1717564524184621056/img/XF5GJ1dRlR-jGjoS.jpg']",['https://pbs.twimg.com/amplify_video_thumb/1717564524184621056/img/XF5GJ1dRlR-jGjoS.jpg']
236,@TraceyC_online,Tracey ONeill MNMJ,Mar 4,#BostonStrong #SCOTUS sends Tsarnaev to his death. #MarathonBomber to die for his sins against innocent civilians. #Boston,"['https://pbs.twimg.com/profile_images/770742881678221312/cgK8BBkY_normal.jpg', 'https://pbs.twimg.com/profile_images/1693576055737487360/7rbADPvJ_mini.jpg']",['No Video']
237,@AdrianneHaslet,No Name,Mar 4,Congratulations to all who worked tirelessly for justice #bostonstrong,['https://pbs.twimg.com/profile_images/1244635534821113863/kTTgQVoN_normal.jpg'],['No Video']
238,@MaryEll86205385,No Name,Mar 4,Good you little shit...#Bostonstrong forever!,['https://pbs.twimg.com/profile_images/1478723432447631364/UR934c4r_normal.jpg'],['No Video']
239,@richardvetstein,Rich Vetstein,Mar 4,"I'm from Boston and I'm not generally a supporter of the death penalty, but I could be persuaded to make an exception for this sick evil killer of innocent children. #BostonStrong",['https://pbs.twimg.com/profile_images/1454149994223652864/r1nKoCpK_normal.jpg'],['No Video']
240,@TheQuillBot,No Name,No Date,No Tweet Contents,"['https://pbs.twimg.com/profile_images/1658504932243243008/g1gv3F_4_normal.jpg', 'https://pbs.twimg.com/media/F_WgW66W0AABRq1.jpg']",['No Video']
241,@TheQuillBot,No Name,No Date,No Tweet Contents,"['https://pbs.twimg.com/profile_images/1658504932243243008/g1gv3F_4_normal.jpg', 'https://pbs.twimg.com/media/F_WgW66W0AABRq1.jpg']",['No Video']
242,@twarrighi,No Name,Mar 4,Good! Evil should be given no quarter. #BostonStrong,"['https://pbs.twimg.com/profile_images/1628506325184282630/wDer0tR1_normal.jpg', 'https://pbs.twimg.com/profile_images/1632350868153548802/aES2mwPa_mini.jpg']",['No Video']
243,@TheTownie88,Mover ShakerMischief Maker,Mar 4,"Goodbye Tsarnaev you murderous POS. 
I hope you are haunted by your victims while waiting  on death row. #Bostonstrong",['https://pbs.twimg.com/profile_images/1721323723985182720/KflBGcL8_normal.jpg'],['No Video']
244,@ciscoone70,No Name,Mar 3,Y'all are LEGENDARY.. #BOSTONSTRONG  MASS TIES!!!,['https://pbs.twimg.com/profile_images/1725665641124802560/jINtmScm_normal.jpg'],['No Video']
245,@Real_ThaiZeo,Thai Zeo,Mar 3,"Support Boston artists 

#bostonartist #bostonmusic #bostonscene #bostonup #bostonstrong",['https://pbs.twimg.com/profile_images/1723495481198694400/C7o9XmfF_normal.jpg'],['No Video']
246,@UPSbeyondBoston,No Name,Mar 3,"Boston goes into March with demos and messages on 4 foot rule in Back Bay, warm up awareness in South Boston, telematics mentoring in Somerville, and @ChspProvidence video shorts review in Waltham. Nice job!! #SafetyFirstNED #BostonStrong","['https://pbs.twimg.com/profile_images/1131921388720336897/cRuUbbZb_normal.jpg', 'https://pbs.twimg.com/media/FM-Kn_IWUAw7_w1.jpg', 'https://pbs.twimg.com/media/FM-Kn_JWYAUgdH8.jpg', 'https://pbs.twimg.com/media/FM-Kn_GWYAERuud.jpg', 'https://pbs.twimg.com/media/FM-Kn_OXMAYhqJR.jpg']",['No Video']
247,@fuzzed_out,No Name,Mar 3,Southie Guy who's been seeing blue and yellow flags/signs all week and thinks they're for #BostonStrong,['https://pbs.twimg.com/profile_images/1192116603158220800/lo3E97R0_normal.jpg'],['No Video']
248,@CharlesRosaMMA,Charles Rosa,Mar 3,Thankyou @RoganInu for the recharge and doing tremendous things for us fighters …helping us do what we love for a living FIGHTING  #bostonStrong #MarshallRoganInu,"['https://pbs.twimg.com/profile_images/827973475654569985/Cg2Kn87k_normal.jpg', 'https://pbs.twimg.com/ext_tw_video_thumb/1499489386572001297/pu/img/4G9de0fJ8ktJq1fE.jpg']",['https://pbs.twimg.com/ext_tw_video_thumb/1499489386572001297/pu/img/4G9de0fJ8ktJq1fE.jpg']
249,@MikeGooch_Pics,Mike Gooch,Mar 3,"""Boston Lights"" by #MikeGoochProductions
#photography #photo #nycphotographer #FollowThisPhotoGuy #PhotographyIsArt #streetphotography #streetphotographer #Boston #BostonStrong","['https://pbs.twimg.com/profile_images/1640515319226593280/Ko2VjzbQ_normal.jpg', 'https://pbs.twimg.com/media/FM9Ae5BWUAUKFu2.jpg', 'https://pbs.twimg.com/media/FM9AiWrXMAAbvCM.jpg', 'https://pbs.twimg.com/media/FM9AiWoXMAcoyMY.jpg', 'https://pbs.twimg.com/media/FM9AiWnXoAsWzmz.jpg']",['No Video']
250,@MikeGooch_Pics,Mike Gooch,Mar 2,"""Boston"" by #MikeGoochProductions
#photography #photo #nycphotographer #FollowThisPhotoGuy #PhotographyIsArt #streetphotography #streetphotographer #Boston #BostonStrong","['https://pbs.twimg.com/profile_images/1640515319226593280/Ko2VjzbQ_normal.jpg', 'https://pbs.twimg.com/media/FM4wje_XsAg6NU8.jpg', 'https://pbs.twimg.com/media/FM4wjfEWQAA4mgi.jpg', 'https://pbs.twimg.com/media/FM4wjfBX0AUsvG7.jpg']",['No Video']
251,@ciscoone70,No Name,Mar 3,Y'all are LEGENDARY.. #BOSTONSTRONG  MASS TIES!!!,['https://pbs.twimg.com/profile_images/1725665641124802560/jINtmScm_normal.jpg'],['No Video']
252,@Real_ThaiZeo,Thai Zeo,Mar 3,"Support Boston artists 

#bostonartist #bostonmusic #bostonscene #bostonup #bostonstrong",['https://pbs.twimg.com/profile_images/1723495481198694400/C7o9XmfF_normal.jpg'],['No Video']
253,@UPSbeyondBoston,No Name,Mar 3,"Boston goes into March with demos and messages on 4 foot rule in Back Bay, warm up awareness in South Boston, telematics mentoring in Somerville, and @ChspProvidence video shorts review in Waltham. Nice job!! #SafetyFirstNED #BostonStrong","['https://pbs.twimg.com/profile_images/1131921388720336897/cRuUbbZb_normal.jpg', 'https://pbs.twimg.com/media/FM-Kn_IWUAw7_w1.jpg', 'https://pbs.twimg.com/media/FM-Kn_JWYAUgdH8.jpg', 'https://pbs.twimg.com/media/FM-Kn_GWYAERuud.jpg', 'https://pbs.twimg.com/media/FM-Kn_OXMAYhqJR.jpg']",['No Video']
254,@fuzzed_out,No Name,Mar 3,Southie Guy who's been seeing blue and yellow flags/signs all week and thinks they're for #BostonStrong,['https://pbs.twimg.com/profile_images/1192116603158220800/lo3E97R0_normal.jpg'],['No Video']
255,@CharlesRosaMMA,Charles Rosa,Mar 3,Thankyou @RoganInu for the recharge and doing tremendous things for us fighters …helping us do what we love for a living FIGHTING  #bostonStrong #MarshallRoganInu,"['https://pbs.twimg.com/profile_images/827973475654569985/Cg2Kn87k_normal.jpg', 'https://pbs.twimg.com/ext_tw_video_thumb/1499489386572001297/pu/img/4G9de0fJ8ktJq1fE.jpg']",['https://pbs.twimg.com/ext_tw_video_thumb/1499489386572001297/pu/img/4G9de0fJ8ktJq1fE.jpg']
256,@MikeGooch_Pics,Mike Gooch,Mar 3,"""Boston Lights"" by #MikeGoochProductions
#photography #photo #nycphotographer #FollowThisPhotoGuy #PhotographyIsArt #streetphotography #streetphotographer #Boston #BostonStrong","['https://pbs.twimg.com/profile_images/1640515319226593280/Ko2VjzbQ_normal.jpg', 'https://pbs.twimg.com/media/FM9Ae5BWUAUKFu2.jpg', 'https://pbs.twimg.com/media/FM9AiWrXMAAbvCM.jpg', 'https://pbs.twimg.com/media/FM9AiWoXMAcoyMY.jpg', 'https://pbs.twimg.com/media/FM9AiWnXoAsWzmz.jpg']",['No Video']
257,@MikeGooch_Pics,Mike Gooch,Mar 2,"""Boston"" by #MikeGoochProductions
#photography #photo #nycphotographer #FollowThisPhotoGuy #PhotographyIsArt #streetphotography #streetphotographer #Boston #BostonStrong","['https://pbs.twimg.com/profile_images/1640515319226593280/Ko2VjzbQ_normal.jpg', 'https://pbs.twimg.com/media/FM4wje_XsAg6NU8.jpg', 'https://pbs.twimg.com/media/FM4wjfEWQAA4mgi.jpg', 'https://pbs.twimg.com/media/FM4wjfBX0AUsvG7.jpg']",['No Video']
258,@BostonWatchmen,Boston Watchmen,Mar 1,"I am Proud to announce that @xBoostyx is the Owner of the Boston Watchmen. With that Being said, were looking forward to a bright future as we go into Season 4 of the @Odinesportsgg League. Stay tuned for More updates for rosters and potential expanding!!! #bostonstrong",['https://pbs.twimg.com/profile_images/1498852841255022598/ZbnuSPqf_normal.jpg'],['No Video']
259,@PIC83,Cole Picard PATS4LF,Mar 1,"For me, my days are mostly frustrating and groundhogish. That's the Navy, but things like this really bring a smile to my face! We are with you @itmekaralee !
#karastrong
#bostonstrong
#fuckcancer","['https://pbs.twimg.com/profile_images/1713730569849204736/c8iSa-0a_normal.jpg', 'https://pbs.twimg.com/profile_images/1561154350952611843/H7VAjIk4_mini.jpg', 'https://pbs.twimg.com/media/FMyjH34XwAkfnwd.jpg']",['No Video']
260,@MagikFlameFire,No Name,No Date,No Tweet Contents,"['https://pbs.twimg.com/profile_images/1665878022358966272/vnZy1FdV_normal.jpg', 'https://pbs.twimg.com/media/F_L0l_5WMAAg9Lh.jpg']",['No Video']
261,@crosbyt123,Crosby Tatum,Mar 1,"We here in Boston, MA USA have a saying here President Zelenskyy. Its called, #BostonStrong. ""This is our fucking city"" @MLB #HOF @davidortiz. A phrase coined after the Boston Marathon bombings. Our city, our country stands with you and Ukraine. #UkraineStrong. #SlavaUkraini","['https://pbs.twimg.com/profile_images/1707850223429816320/T-BB_4T__normal.jpg', 'https://pbs.twimg.com/media/FMyDRrYXEAEs31C.jpg']",['No Video']
262,@elutzmdcom,Jeff Van Gundy Burner Account,Mar 1,Remember the Marathon Bombings? Boston SHUT DOWN the whole City to find those bastards! #BostonStrong #ourFCKINcity,['https://pbs.twimg.com/profile_images/1592459589538222080/JIuBwVwM_normal.jpg'],['No Video']
263,@ItsTheEdNation,No Name,Mar 1,So mad I couldnt find the game last night but go Bruins!! We crushed them!! #BostonStrong,"['https://pbs.twimg.com/profile_images/1554181875761123329/XKiJgvPu_normal.jpg', 'https://pbs.twimg.com/profile_images/1673722912027582465/6meELaxm_mini.jpg', 'https://pbs.twimg.com/media/FMwFBz0VIAQ0z83.jpg']",['No Video']
264,@PIC83,Cole Picard PATS4LF,Mar 1,"For me, my days are mostly frustrating and groundhogish. That's the Navy, but things like this really bring a smile to my face! We are with you @itmekaralee !
#karastrong
#bostonstrong
#fuckcancer","['https://pbs.twimg.com/profile_images/1713730569849204736/c8iSa-0a_normal.jpg', 'https://pbs.twimg.com/profile_images/1561154350952611843/H7VAjIk4_mini.jpg', 'https://pbs.twimg.com/media/FMyjH34XwAkfnwd.jpg']",['No Video']
265,@MagikFlameFire,No Name,No Date,No Tweet Contents,"['https://pbs.twimg.com/profile_images/1665878022358966272/vnZy1FdV_normal.jpg', 'https://pbs.twimg.com/media/F_L0l_5WMAAg9Lh.jpg']",['No Video']
266,@crosbyt123,Crosby Tatum,Mar 1,"We here in Boston, MA USA have a saying here President Zelenskyy. Its called, #BostonStrong. ""This is our fucking city"" @MLB #HOF @davidortiz. A phrase coined after the Boston Marathon bombings. Our city, our country stands with you and Ukraine. #UkraineStrong. #SlavaUkraini","['https://pbs.twimg.com/profile_images/1707850223429816320/T-BB_4T__normal.jpg', 'https://pbs.twimg.com/media/FMyDRrYXEAEs31C.jpg']",['No Video']
267,@elutzmdcom,Jeff Van Gundy Burner Account,Mar 1,Remember the Marathon Bombings? Boston SHUT DOWN the whole City to find those bastards! #BostonStrong #ourFCKINcity,['https://pbs.twimg.com/profile_images/1592459589538222080/JIuBwVwM_normal.jpg'],['No Video']
268,@ItsTheEdNation,No Name,Mar 1,So mad I couldnt find the game last night but go Bruins!! We crushed them!! #BostonStrong,"['https://pbs.twimg.com/profile_images/1554181875761123329/XKiJgvPu_normal.jpg', 'https://pbs.twimg.com/profile_images/1673722912027582465/6meELaxm_mini.jpg', 'https://pbs.twimg.com/media/FMwFBz0VIAQ0z83.jpg']",['No Video']
269,@PIC83,Cole Picard PATS4LF,Mar 1,"For me, my days are mostly frustrating and groundhogish. That's the Navy, but things like this really bring a smile to my face! We are with you @itmekaralee !
#karastrong
#bostonstrong
#fuckcancer","['https://pbs.twimg.com/profile_images/1713730569849204736/c8iSa-0a_normal.jpg', 'https://pbs.twimg.com/profile_images/1561154350952611843/H7VAjIk4_mini.jpg', 'https://pbs.twimg.com/media/FMyjH34XwAkfnwd.jpg']",['No Video']
270,@MagikFlameFire,No Name,No Date,No Tweet Contents,"['https://pbs.twimg.com/profile_images/1665878022358966272/vnZy1FdV_normal.jpg', 'https://pbs.twimg.com/media/F_L0l_5WMAAg9Lh.jpg']",['No Video']
271,@crosbyt123,Crosby Tatum,Mar 1,"We here in Boston, MA USA have a saying here President Zelenskyy. Its called, #BostonStrong. ""This is our fucking city"" @MLB #HOF @davidortiz. A phrase coined after the Boston Marathon bombings. Our city, our country stands with you and Ukraine. #UkraineStrong. #SlavaUkraini","['https://pbs.twimg.com/profile_images/1707850223429816320/T-BB_4T__normal.jpg', 'https://pbs.twimg.com/media/FMyDRrYXEAEs31C.jpg']",['No Video']
272,@elutzmdcom,Jeff Van Gundy Burner Account,Mar 1,Remember the Marathon Bombings? Boston SHUT DOWN the whole City to find those bastards! #BostonStrong #ourFCKINcity,['https://pbs.twimg.com/profile_images/1592459589538222080/JIuBwVwM_normal.jpg'],['No Video']
273,@ItsTheEdNation,No Name,Mar 1,So mad I couldnt find the game last night but go Bruins!! We crushed them!! #BostonStrong,"['https://pbs.twimg.com/profile_images/1554181875761123329/XKiJgvPu_normal.jpg', 'https://pbs.twimg.com/profile_images/1673722912027582465/6meELaxm_mini.jpg', 'https://pbs.twimg.com/media/FMwFBz0VIAQ0z83.jpg']",['No Video']
274,@PIC83,Cole Picard PATS4LF,Mar 1,"For me, my days are mostly frustrating and groundhogish. That's the Navy, but things like this really bring a smile to my face! We are with you @itmekaralee !
#karastrong
#bostonstrong
#fuckcancer","['https://pbs.twimg.com/profile_images/1713730569849204736/c8iSa-0a_normal.jpg', 'https://pbs.twimg.com/profile_images/1561154350952611843/H7VAjIk4_mini.jpg', 'https://pbs.twimg.com/media/FMyjH34XwAkfnwd.jpg']",['No Video']
275,@MagikFlameFire,No Name,No Date,No Tweet Contents,"['https://pbs.twimg.com/profile_images/1665878022358966272/vnZy1FdV_normal.jpg', 'https://pbs.twimg.com/media/F_L0l_5WMAAg9Lh.jpg']",['No Video']
276,@crosbyt123,Crosby Tatum,Mar 1,"We here in Boston, MA USA have a saying here President Zelenskyy. Its called, #BostonStrong. ""This is our fucking city"" @MLB #HOF @davidortiz. A phrase coined after the Boston Marathon bombings. Our city, our country stands with you and Ukraine. #UkraineStrong. #SlavaUkraini","['https://pbs.twimg.com/profile_images/1707850223429816320/T-BB_4T__normal.jpg', 'https://pbs.twimg.com/media/FMyDRrYXEAEs31C.jpg']",['No Video']
277,@elutzmdcom,Jeff Van Gundy Burner Account,Mar 1,Remember the Marathon Bombings? Boston SHUT DOWN the whole City to find those bastards! #BostonStrong #ourFCKINcity,['https://pbs.twimg.com/profile_images/1592459589538222080/JIuBwVwM_normal.jpg'],['No Video']
278,@ItsTheEdNation,No Name,Mar 1,So mad I couldnt find the game last night but go Bruins!! We crushed them!! #BostonStrong,"['https://pbs.twimg.com/profile_images/1554181875761123329/XKiJgvPu_normal.jpg', 'https://pbs.twimg.com/profile_images/1673722912027582465/6meELaxm_mini.jpg', 'https://pbs.twimg.com/media/FMwFBz0VIAQ0z83.jpg']",['No Video']
